{"type": "FeatureCollection", "features": [{"type": "Feature", "properties": {"kind": "rail", "name": "", "ref": ""}, "geometry": {"type": "LineString", "coordinates": [[-16.2215, 14.664], [-16.2213, 14.6641], [-16.2199, 14.6648], [-16.219, 14.6651], [-16.2184, 14.6653], [-16.2176, 14.6654], [-16.2171, 14.6655], [-16.2167, 14.6655], [-16.2164, 14.6655], [-16.2159, 14.6655], [-16.2153, 14.6655], [-16.2147, 14.6655], [-16.2146, 14.6655], [-16.2142, 14.6654], [-16.2137, 14.6654], [-16.2131, 14.6652], [-16.2127, 14.6651], [-16.2125, 14.6651], [-16.2123, 14.665], [-16.2116, 14.6648], [-16.2107, 14.6643], [-16.21, 14.664], [-16.2099, 14.664], [-16.209, 14.6634], [-16.2086, 14.6631], [-16.2081, 14.6627], [-16.208, 14.6626], [-16.2077, 14.6624], [-16.2072, 14.6618], [-16.2067, 14.6613], [-16.2046, 14.6588], [-16.199, 14.6522], [-16.1936, 14.6457], [-16.1848, 14.6353], [-16.1796, 14.6291], [-16.1777, 14.6268], [-16.1571, 14.6023], [-16.151, 14.595], [-16.1507, 14.5946], [-16.1468, 14.59], [-16.1355, 14.5767], [-16.123, 14.5617], [-16.1204, 14.5585], [-16.1183, 14.5561], [-16.1156, 14.5528], [-16.1142, 14.5512], [-16.0946, 14.5279], [-16.0844, 14.5157], [-16.0713, 14.5002], [-16.0682, 14.4965], [-16.0673, 14.4954], [-16.0656, 14.4934], [-16.0638, 14.4913], [-16.054, 14.48], [-16.0454, 14.469], [-16.0406, 14.4637], [-16.0396, 14.4623], [-16.0388, 14.4607], [-16.0337, 14.4496], [-16.0057, 14.389], [-16.0, 14.3764], [-15.9985, 14.3733], [-15.9883, 14.3509], [-15.9851, 14.3437], [-15.9835, 14.3403], [-15.9807, 14.3342], [-15.9782, 14.3287], [-15.9684, 14.3071], [-15.9577, 14.2835], [-15.9553, 14.2783], [-15.9547, 14.277], [-15.9545, 14.2765], [-15.9542, 14.276], [-15.954, 14.2757], [-15.9535, 14.2752], [-15.9532, 14.2747], [-15.9521, 14.2736], [-15.9492, 14.2707], [-15.9486, 14.27], [-15.9474, 14.2688], [-15.9456, 14.267], [-15.9435, 14.2648], [-15.9434, 14.2647], [-15.9428, 14.2641], [-15.9414, 14.2627], [-15.9403, 14.2616], [-15.934, 14.2553], [-15.9132, 14.2344], [-15.9081, 14.229], [-15.9063, 14.2275], [-15.9048, 14.2264], [-15.9022, 14.2245], [-15.8867, 14.2149], [-15.8824, 14.2123], [-15.8587, 14.1977], [-15.8478, 14.191], [-15.8313, 14.1809], [-15.8192, 14.1734], [-15.8169, 14.172], [-15.8148, 14.1707], [-15.8128, 14.1698], [-15.8073, 14.1676], [-15.8062, 14.167], [-15.8035, 14.1652], [-15.7816, 14.1507], [-15.7601, 14.1365], [-15.7586, 14.1355], [-15.7571, 14.1347], [-15.7555, 14.134], [-15.7554, 14.134], [-15.7542, 14.1335], [-15.754, 14.1335], [-15.7476, 14.1311], [-15.7461, 14.1306], [-15.7456, 14.1303], [-15.7447, 14.13], [-15.7442, 14.1298], [-15.7432, 14.1294], [-15.7415, 14.1288], [-15.7404, 14.1284], [-15.7395, 14.128], [-15.7354, 14.1265], [-15.7338, 14.1259], [-15.7335, 14.1258], [-15.7313, 14.1249], [-15.7303, 14.1246], [-15.7267, 14.1232], [-15.7244, 14.1223], [-15.7238, 14.1221], [-15.7232, 14.122], [-15.7226, 14.1218], [-15.722, 14.1218], [-15.7214, 14.1217], [-15.7163, 14.1213], [-15.7009, 14.1199], [-15.6905, 14.119], [-15.6737, 14.1176], [-15.6542, 14.1159], [-15.65, 14.1156], [-15.6412, 14.1148], [-15.6045, 14.1116], [-15.5782, 14.1092], [-15.5692, 14.1084], [-15.5647, 14.108], [-15.5497, 14.1067], [-15.5481, 14.1065], [-15.5477, 14.1065], [-15.5473, 14.1065], [-15.5472, 14.1065], [-15.5448, 14.1063], [-15.5439, 14.1062], [-15.5432, 14.1061], [-15.543, 14.1061], [-15.5396, 14.1058], [-15.5385, 14.1058], [-15.5382, 14.1058], [-15.5379, 14.1059], [-15.5378, 14.1059], [-15.5376, 14.1059], [-15.5374, 14.106], [-15.537, 14.1061], [-15.5366, 14.1063], [-15.5363, 14.1064], [-15.5359, 14.1066], [-15.5355, 14.1069], [-15.5349, 14.1074], [-15.5346, 14.1077], [-15.5344, 14.108], [-15.5342, 14.1083], [-15.534, 14.1086], [-15.5338, 14.109], [-15.5321, 14.1128], [-15.5314, 14.1145], [-15.5313, 14.1147], [-15.5312, 14.1148], [-15.5311, 14.115], [-15.531, 14.1152], [-15.5308, 14.1154], [-15.5307, 14.1155], [-15.5305, 14.1157], [-15.5304, 14.1159], [-15.5302, 14.1161], [-15.53, 14.1162], [-15.5298, 14.1164], [-15.5296, 14.1165], [-15.529, 14.1168], [-15.5282, 14.1171], [-15.528, 14.1172], [-15.5278, 14.1172], [-15.527, 14.1172], [-15.5268, 14.1172], [-15.5266, 14.1172], [-15.5264, 14.1172], [-15.5262, 14.1171], [-15.5225, 14.1163], [-15.5223, 14.1162], [-15.5221, 14.1162], [-15.5218, 14.1162], [-15.5094, 14.1168], [-15.4903, 14.1176], [-15.4883, 14.1177], [-15.4597, 14.119], [-15.4529, 14.1192], [-15.4524, 14.1192], [-15.4518, 14.1192], [-15.4517, 14.1192], [-15.4514, 14.1192], [-15.4509, 14.1191], [-15.4454, 14.118], [-15.4441, 14.1177], [-15.4343, 14.1158], [-15.4088, 14.1106], [-15.3856, 14.1059], [-15.3735, 14.1034], [-15.3698, 14.1027], [-15.341, 14.0969], [-15.2993, 14.0884], [-15.2937, 14.0873], [-15.2899, 14.0865], [-15.2701, 14.0824], [-15.2667, 14.0817], [-15.2636, 14.0806], [-15.2604, 14.0791], [-15.2448, 14.0725], [-15.2435, 14.0715], [-15.2408, 14.0696], [-15.2387, 14.0688], [-15.2325, 14.0668], [-15.231, 14.0663], [-15.2298, 14.0656], [-15.2284, 14.0642], [-15.226, 14.0612], [-15.2249, 14.06], [-15.2231, 14.0588], [-15.2215, 14.0586], [-15.2199, 14.0586], [-15.2173, 14.0587], [-15.2162, 14.0586], [-15.215, 14.0585], [-15.1933, 14.0559], [-15.1706, 14.0531], [-15.1699, 14.0531], [-15.1114, 14.0461], [-15.1101, 14.0459], [-15.0792, 14.0422], [-15.0754, 14.0418], [-15.0717, 14.0413], [-15.0607, 14.04], [-15.0531, 14.0391], [-15.0503, 14.0388], [-15.0488, 14.0386], [-15.0242, 14.0356], [-15.0229, 14.0354], [-14.996, 14.0322], [-14.9929, 14.0323], [-14.9911, 14.0323], [-14.9892, 14.0318], [-14.9855, 14.0306], [-14.9757, 14.0257], [-14.9743, 14.0249], [-14.9734, 14.0243], [-14.9719, 14.0226], [-14.969, 14.0189], [-14.9684, 14.0181], [-14.9675, 14.0171], [-14.9673, 14.0169], [-14.967, 14.0166], [-14.9667, 14.0165], [-14.9664, 14.0163], [-14.9661, 14.0162], [-14.9657, 14.016], [-14.9653, 14.0159], [-14.9619, 14.015], [-14.9616, 14.0149], [-14.9613, 14.0149], [-14.9611, 14.0148], [-14.9608, 14.0148], [-14.9605, 14.0148], [-14.9603, 14.0149], [-14.9599, 14.0149], [-14.9597, 14.015], [-14.9595, 14.015], [-14.9592, 14.0151], [-14.959, 14.0152], [-14.9587, 14.0153], [-14.958, 14.0158], [-14.9558, 14.0171], [-14.9556, 14.0172], [-14.9553, 14.0174], [-14.955, 14.0175], [-14.9548, 14.0175], [-14.9545, 14.0176], [-14.9543, 14.0176], [-14.9541, 14.0177], [-14.9508, 14.0182], [-14.9461, 14.019], [-14.945, 14.0192], [-14.9435, 14.0191], [-14.9396, 14.0186], [-14.9337, 14.018], [-14.9153, 14.0158], [-14.911, 14.0153], [-14.8835, 14.0121], [-14.8825, 14.012], [-14.8814, 14.012], [-14.8792, 14.0123], [-14.8614, 14.0139], [-14.8602, 14.0139], [-14.8593, 14.0136], [-14.8585, 14.0133], [-14.8574, 14.0124], [-14.8562, 14.0112], [-14.8552, 14.0102], [-14.8542, 14.0096], [-14.8529, 14.0092], [-14.8487, 14.0082], [-14.8476, 14.0075], [-14.8468, 14.0066], [-14.8462, 14.0057], [-14.8429, 14.0003], [-14.842, 13.9995], [-14.8406, 13.9988], [-14.8361, 13.9972], [-14.8345, 13.9966], [-14.834, 13.9963], [-14.8319, 13.9944], [-14.8205, 13.9837], [-14.8201, 13.9834], [-14.8196, 13.9831], [-14.8191, 13.9828], [-14.8184, 13.9826], [-14.8177, 13.9825], [-14.8172, 13.9825], [-14.8162, 13.9826], [-14.8139, 13.9828], [-14.8089, 13.9832], [-14.8069, 13.9835], [-14.8022, 13.9839], [-14.8002, 13.9841], [-14.7995, 13.9841], [-14.7985, 13.9842], [-14.7982, 13.9842], [-14.7956, 13.9845], [-14.7875, 13.9852], [-14.7864, 13.9854], [-14.7799, 13.986], [-14.7755, 13.9864], [-14.7726, 13.9867], [-14.7714, 13.987], [-14.7638, 13.9902], [-14.7627, 13.9905], [-14.7613, 13.9906], [-14.75, 13.9896], [-14.7347, 13.9882], [-14.7307, 13.9877], [-14.7291, 13.9873], [-14.7252, 13.9862], [-14.7176, 13.984], [-14.6972, 13.9783], [-14.6964, 13.9782], [-14.6955, 13.9783], [-14.6934, 13.9786], [-14.6842, 13.9802], [-14.6807, 13.9808], [-14.6736, 13.982], [-14.6705, 13.9825], [-14.6695, 13.9825], [-14.6683, 13.9824], [-14.6645, 13.9819], [-14.6631, 13.9818], [-14.6598, 13.9814], [-14.6596, 13.9815], [-14.6588, 13.9815], [-14.6575, 13.982], [-14.6535, 13.9838], [-14.6515, 13.9842], [-14.6408, 13.9846], [-14.6296, 13.9851], [-14.6275, 13.9851], [-14.624, 13.9852], [-14.6212, 13.9854], [-14.6117, 13.9857], [-14.6081, 13.9858], [-14.603, 13.9853], [-14.5731, 13.9811], [-14.5702, 13.9807], [-14.5651, 13.98], [-14.5626, 13.9797], [-14.5593, 13.9792], [-14.5581, 13.9791], [-14.5576, 13.979], [-14.5572, 13.9789], [-14.5569, 13.9788], [-14.5565, 13.9788], [-14.5561, 13.9786], [-14.5529, 13.9776], [-14.5497, 13.9767], [-14.5487, 13.9766], [-14.547, 13.9766], [-14.5195, 13.9776], [-14.5155, 13.9779], [-14.507, 13.9792], [-14.505, 13.9793], [-14.494, 13.9785], [-14.4924, 13.9784], [-14.491, 13.9786], [-14.4866, 13.9794], [-14.4855, 13.9796], [-14.4839, 13.9794], [-14.4734, 13.9782], [-14.4318, 13.9738], [-14.4307, 13.9736], [-14.4303, 13.9735], [-14.43, 13.9733], [-14.4296, 13.9731], [-14.4287, 13.9725], [-14.4225, 13.9674], [-14.4215, 13.9668], [-14.4211, 13.9665], [-14.4207, 13.9664], [-14.4203, 13.9663], [-14.4199, 13.9662], [-14.4195, 13.9662], [-14.4191, 13.9662], [-14.4187, 13.9662], [-14.4088, 13.9668], [-14.4073, 13.9669], [-14.4046, 13.9676], [-14.3961, 13.9696], [-14.3944, 13.97], [-14.3936, 13.97], [-14.3928, 13.9699], [-14.3921, 13.9697], [-14.3706, 13.9627], [-14.3491, 13.9557], [-14.3061, 13.9416], [-14.3024, 13.9403], [-14.2991, 13.9389], [-14.2932, 13.9364], [-14.2513, 13.9183], [-14.2164, 13.9025], [-14.2162, 13.9024], [-14.1802, 13.8876], [-14.1647, 13.8809], [-14.1536, 13.8761], [-14.152, 13.8755], [-14.1502, 13.8751], [-14.1481, 13.8751], [-14.1241, 13.8756], [-14.1205, 13.8757], [-14.1189, 13.8756], [-14.1178, 13.8754], [-14.1163, 13.875], [-14.0973, 13.87], [-14.0964, 13.8697], [-14.0952, 13.869], [-14.0937, 13.8677], [-14.0926, 13.867], [-14.0922, 13.8668], [-14.0919, 13.8666], [-14.0915, 13.8665], [-14.0911, 13.8664], [-14.0907, 13.8663], [-14.0903, 13.8662], [-14.0899, 13.8662], [-14.0849, 13.866]]}}, {"type": "Feature", "properties": {"kind": "rail", "name": "", "ref": ""}, "geometry": {"type": "LineString", "coordinates": [[-12.2171, 14.4578], [-12.2168, 14.4579], [-12.2167, 14.458], [-12.2162, 14.4582], [-12.2155, 14.4586], [-12.215, 14.4589], [-12.214, 14.4595], [-12.2139, 14.4595], [-12.2136, 14.4596], [-12.2133, 14.4597], [-12.2129, 14.4598], [-12.2126, 14.4599], [-12.2123, 14.46], [-12.2122, 14.46], [-12.2119, 14.46], [-12.2119, 14.46], [-12.2117, 14.46], [-12.2117, 14.4601], [-12.2114, 14.4601], [-12.2114, 14.4601], [-12.2112, 14.4601], [-12.2111, 14.4601], [-12.2107, 14.4601], [-12.2102, 14.46]]}}, {"type": "Feature", "properties": {"kind": "rail", "name": "", "ref": ""}, "geometry": {"type": "LineString", "coordinates": [[-12.2074, 14.4599], [-12.2056, 14.4598]]}}, {"type": "Feature", "properties": {"kind": "rail", "name": "Chemin de fer de Dakar au Niger", "ref": ""}, "geometry": {"type": "LineString", "coordinates": [[-17.273, 14.717], [-17.2723, 14.7166], [-17.272, 14.7165], [-17.2718, 14.7164], [-17.2716, 14.7163], [-17.2714, 14.7162], [-17.2711, 14.7161], [-17.2701, 14.7158], [-17.2659, 14.7147], [-17.2656, 14.7146], [-17.2653, 14.7145], [-17.2651, 14.7143], [-17.2642, 14.7138], [-17.2637, 14.7135], [-17.2549, 14.7083], [-17.2508, 14.7058], [-17.2492, 14.7048], [-17.2483, 14.7043], [-17.2477, 14.7039], [-17.2471, 14.7035], [-17.2464, 14.703], [-17.2454, 14.7023], [-17.245, 14.7019], [-17.2393, 14.6975], [-17.2391, 14.6974], [-17.2389, 14.6972], [-17.2387, 14.6971], [-17.2385, 14.697], [-17.2382, 14.6968], [-17.2379, 14.6966], [-17.2374, 14.6965], [-17.2372, 14.6964], [-17.2369, 14.6963], [-17.2367, 14.6963], [-17.2363, 14.6962], [-17.236, 14.6962], [-17.2358, 14.6962], [-17.2355, 14.6962], [-17.2352, 14.6962], [-17.2349, 14.6962], [-17.2346, 14.6962], [-17.2343, 14.6963], [-17.2341, 14.6964], [-17.2339, 14.6964], [-17.2336, 14.6965], [-17.2261, 14.6992]]}}, {"type": "Feature", "properties": {"kind": "rail", "name": "Chemin de fer de Dakar au Niger", "ref": ""}, "geometry": {"type": "LineString", "coordinates": [[-17.2732, 14.7171], [-17.273, 14.717]]}}, {"type": "Feature", "properties": {"kind": "rail", "name": "", "ref": ""}, "geometry": {"type": "LineString", "coordinates": [[-17.4341, 14.7176], [-17.4343, 14.7173], [-17.4344, 14.717], [-17.4345, 14.7168], [-17.4345, 14.7166], [-17.4346, 14.7164], [-17.4346, 14.7161], [-17.4346, 14.716], [-17.4346, 14.7158], [-17.4347, 14.7156], [-17.4347, 14.7153], [-17.4347, 14.715], [-17.4347, 14.7141], [-17.4347, 14.7129], [-17.4347, 14.711], [-17.4347, 14.7108], [-17.4346, 14.7106], [-17.4346, 14.7105], [-17.4346, 14.7103], [-17.4345, 14.7102], [-17.4345, 14.71], [-17.4344, 14.7099], [-17.4343, 14.7097], [-17.4342, 14.7095], [-17.434, 14.7093], [-17.4323, 14.7072], [-17.4294, 14.7038], [-17.4266, 14.7005], [-17.4263, 14.7002], [-17.4261, 14.7], [-17.4261, 14.6999], [-17.426, 14.6998], [-17.4259, 14.6996], [-17.4258, 14.6995], [-17.4258, 14.6994], [-17.4257, 14.6992], [-17.4257, 14.699], [-17.4257, 14.6988], [-17.4257, 14.6984], [-17.4257, 14.6983], [-17.4257, 14.6982], [-17.4257, 14.6979], [-17.4257, 14.6976], [-17.4259, 14.6961], [-17.4259, 14.6958], [-17.4259, 14.6956], [-17.426, 14.6953], [-17.426, 14.6947], [-17.4261, 14.6945], [-17.4261, 14.6944], [-17.4261, 14.6943], [-17.427, 14.6917], [-17.427, 14.6916], [-17.427, 14.6915], [-17.427, 14.6914], [-17.427, 14.6913], [-17.427, 14.6911], [-17.4269, 14.6907], [-17.4268, 14.6905], [-17.4268, 14.6903], [-17.4268, 14.6903], [-17.4267, 14.6901], [-17.4265, 14.6898], [-17.4263, 14.6896], [-17.4262, 14.6895], [-17.4262, 14.6894], [-17.4251, 14.6885], [-17.4232, 14.6868]]}}, {"type": "Feature", "properties": {"kind": "rail", "name": "", "ref": ""}, "geometry": {"type": "LineString", "coordinates": [[-16.9256, 14.7977], [-16.925, 14.7978], [-16.9241, 14.7982], [-16.9234, 14.7985], [-16.9228, 14.7987], [-16.9228, 14.7987], [-16.9212, 14.7997], [-16.9197, 14.8006], [-16.9184, 14.8014], [-16.9178, 14.8018], [-16.9174, 14.8022], [-16.917, 14.8026], [-16.9166, 14.8029], [-16.9163, 14.8032], [-16.916, 14.8036], [-16.9156, 14.804], [-16.9154, 14.8043], [-16.9152, 14.8048], [-16.9151, 14.805], [-16.915, 14.8052], [-16.9148, 14.8056], [-16.9146, 14.8059], [-16.9143, 14.8064], [-16.914, 14.8071], [-16.9138, 14.8074], [-16.9137, 14.8076], [-16.9135, 14.8079], [-16.9129, 14.809], [-16.9127, 14.8094], [-16.9125, 14.8097], [-16.9125, 14.8098], [-16.9124, 14.8099], [-16.912, 14.811], [-16.912, 14.8111], [-16.9118, 14.8118], [-16.9108, 14.8151], [-16.9098, 14.8185], [-16.9084, 14.8227]]}}, {"type": "Feature", "properties": {"kind": "rail", "name": "", "ref": ""}, "geometry": {"type": "LineString", "coordinates": [[-12.3209, 14.4116], [-12.3148, 14.4126], [-12.3057, 14.4143], [-12.3054, 14.4143], [-12.3051, 14.4144], [-12.3049, 14.4144], [-12.3046, 14.4144], [-12.3046, 14.4144], [-12.3044, 14.4144], [-12.3041, 14.4143], [-12.3013, 14.4139], [-12.3, 14.4137], [-12.2995, 14.4137], [-12.2992, 14.4137], [-12.2989, 14.4137], [-12.2988, 14.4137], [-12.2984, 14.4137], [-12.2984, 14.4137], [-12.2981, 14.4138], [-12.2978, 14.4138], [-12.2975, 14.4138], [-12.2972, 14.4139], [-12.2969, 14.414], [-12.2967, 14.414], [-12.2964, 14.4141], [-12.2961, 14.4142], [-12.2959, 14.4144], [-12.2942, 14.4152], [-12.2881, 14.4186], [-12.2799, 14.4231], [-12.2612, 14.4334], [-12.2395, 14.4454], [-12.224, 14.454], [-12.2237, 14.4541], [-12.2177, 14.4574], [-12.2176, 14.4575], [-12.2171, 14.4578]]}}, {"type": "Feature", "properties": {"kind": "rail", "name": "", "ref": ""}, "geometry": {"type": "LineString", "coordinates": [[-17.3991, 14.7412], [-17.3989, 14.7413], [-17.3986, 14.7414], [-17.3985, 14.7415], [-17.3984, 14.7415], [-17.3983, 14.7415], [-17.3982, 14.7415], [-17.398, 14.7415], [-17.3979, 14.7415], [-17.3978, 14.7414], [-17.3977, 14.7414], [-17.3975, 14.7412]]}}, {"type": "Feature", "properties": {"kind": "rail", "name": "", "ref": ""}, "geometry": {"type": "LineString", "coordinates": [[-17.3442, 14.7361], [-17.3437, 14.736], [-17.3434, 14.7359], [-17.3433, 14.7359], [-17.3432, 14.7359], [-17.3431, 14.736], [-17.3429, 14.736], [-17.3428, 14.7361], [-17.3427, 14.7361], [-17.3426, 14.7362], [-17.3425, 14.7363], [-17.3424, 14.7364], [-17.3424, 14.7365], [-17.3423, 14.7366], [-17.3423, 14.7368], [-17.3415, 14.7391], [-17.3414, 14.7393], [-17.3413, 14.7396], [-17.3412, 14.7398], [-17.3411, 14.7401], [-17.341, 14.7404], [-17.3406, 14.7417]]}}, {"type": "Feature", "properties": {"kind": "rail", "name": "Chemin de fer de Dakar au Niger", "ref": ""}, "geometry": {"type": "LineString", "coordinates": [[-17.226, 14.6992], [-17.2216, 14.7008], [-17.2121, 14.7042], [-17.2118, 14.7043], [-17.2116, 14.7044], [-17.2114, 14.7045], [-17.2112, 14.7046], [-17.2109, 14.7047], [-17.2107, 14.7049], [-17.2104, 14.705], [-17.2102, 14.7052], [-17.2098, 14.7054], [-17.2096, 14.7056], [-17.2093, 14.7058], [-17.209, 14.706], [-17.2087, 14.7063], [-17.2061, 14.7087], [-17.2037, 14.711], [-17.2025, 14.7121], [-17.2019, 14.7126], [-17.1997, 14.7147], [-17.1989, 14.7154], [-17.1984, 14.716], [-17.1978, 14.7165], [-17.1971, 14.7171], [-17.1968, 14.7174], [-17.1966, 14.7176], [-17.1964, 14.7178], [-17.1962, 14.7179], [-17.196, 14.718], [-17.1958, 14.7182], [-17.1956, 14.7183], [-17.1952, 14.7185], [-17.195, 14.7186], [-17.1947, 14.7188], [-17.1944, 14.7189], [-17.1941, 14.719], [-17.1935, 14.7193], [-17.193, 14.7195], [-17.1918, 14.7199], [-17.1905, 14.7204], [-17.1892, 14.7209], [-17.1883, 14.7212], [-17.1875, 14.7215], [-17.1872, 14.7216]]}}, {"type": "Feature", "properties": {"kind": "rail", "name": "Chemin de fer de Dakar au Niger", "ref": ""}, "geometry": {"type": "LineString", "coordinates": [[-17.1404, 14.7534], [-17.1402, 14.7535], [-17.1401, 14.7536], [-17.1399, 14.7536], [-17.1398, 14.7537], [-17.1396, 14.7537], [-17.1393, 14.7538], [-17.139, 14.7539], [-17.1384, 14.7541], [-17.1311, 14.7559], [-17.1304, 14.756], [-17.1301, 14.7561], [-17.1296, 14.7562], [-17.1286, 14.7565], [-17.1264, 14.757], [-17.1258, 14.7572], [-17.1254, 14.7573], [-17.125, 14.7574], [-17.1247, 14.7575], [-17.1243, 14.7576], [-17.1239, 14.7578], [-17.1236, 14.7579], [-17.1231, 14.7582], [-17.1217, 14.7588], [-17.1217, 14.7588], [-17.1189, 14.7601], [-17.116, 14.7615], [-17.116, 14.7615], [-17.1132, 14.7628], [-17.1118, 14.7634], [-17.1081, 14.7652], [-17.1069, 14.7657], [-17.1066, 14.7658], [-17.1064, 14.7659], [-17.1064, 14.7659], [-17.1061, 14.766], [-17.1059, 14.7661], [-17.1056, 14.7662], [-17.1053, 14.7662], [-17.105, 14.7663], [-17.1047, 14.7664], [-17.1044, 14.7664], [-17.1042, 14.7664], [-17.1039, 14.7665], [-17.1031, 14.7665], [-17.1024, 14.7665], [-17.0981, 14.7666], [-17.0958, 14.7666], [-17.0938, 14.7667], [-17.0906, 14.7667], [-17.0879, 14.7668], [-17.0851, 14.7668], [-17.0841, 14.7669], [-17.0838, 14.7669], [-17.0836, 14.7669], [-17.0832, 14.767], [-17.0802, 14.7674], [-17.0763, 14.768]]}}, {"type": "Feature", "properties": {"kind": "rail", "name": "", "ref": ""}, "geometry": {"type": "LineString", "coordinates": [[-16.2215, 14.664], [-16.2213, 14.6641], [-16.2145, 14.668], [-16.2131, 14.6688], [-16.212, 14.6696], [-16.2107, 14.6709], [-16.2044, 14.6786], [-16.2031, 14.6802], [-16.1996, 14.6845], [-16.1938, 14.6914], [-16.1932, 14.6922], [-16.193, 14.6924], [-16.191, 14.6948], [-16.1902, 14.6958], [-16.19, 14.6961], [-16.1893, 14.6969], [-16.1886, 14.6977], [-16.1869, 14.6994], [-16.1845, 14.7015], [-16.1837, 14.7022], [-16.1812, 14.7041], [-16.1768, 14.7076], [-16.1748, 14.709], [-16.1732, 14.7099], [-16.1698, 14.7114], [-16.1661, 14.713], [-16.1158, 14.7354], [-16.1155, 14.7356], [-16.1143, 14.7361], [-16.1133, 14.7366], [-16.1104, 14.7378], [-16.1103, 14.7379], [-16.1087, 14.7386], [-16.0814, 14.7507], [-16.0803, 14.7511], [-16.0743, 14.753], [-16.0651, 14.7558], [-16.0522, 14.7598], [-16.0308, 14.7663], [-16.0287, 14.7669], [-16.0245, 14.7682], [-16.0154, 14.771], [-16.0147, 14.7712], [-15.989, 14.7791], [-15.9798, 14.782], [-15.9795, 14.782], [-15.9793, 14.7821], [-15.9786, 14.7823], [-15.9764, 14.783], [-15.9751, 14.7834], [-15.9748, 14.7835], [-15.9746, 14.7836], [-15.9726, 14.7842], [-15.9726, 14.7842], [-15.9724, 14.7842], [-15.9724, 14.7843], [-15.9442, 14.793], [-15.9433, 14.7932], [-15.9401, 14.7942], [-15.9378, 14.7949], [-15.9365, 14.7951], [-15.9298, 14.7965], [-15.928, 14.7969], [-15.9269, 14.7971], [-15.9268, 14.7972], [-15.9174, 14.7991], [-15.9155, 14.7995], [-15.9145, 14.7997], [-15.9142, 14.7998]]}}, {"type": "Feature", "properties": {"kind": "rail", "name": "Chemin de fer de Dakar au Niger", "ref": ""}, "geometry": {"type": "LineString", "coordinates": [[-16.9256, 14.7977], [-16.9252, 14.7978], [-16.9247, 14.7977], [-16.9244, 14.7977], [-16.9241, 14.7976], [-16.9236, 14.7976], [-16.9231, 14.7974], [-16.9227, 14.7973], [-16.9223, 14.7972], [-16.9219, 14.797], [-16.9212, 14.7967], [-16.9195, 14.7959], [-16.9192, 14.7957], [-16.919, 14.7956], [-16.9187, 14.7954], [-16.9185, 14.7952], [-16.918, 14.7948], [-16.9173, 14.7942], [-16.916, 14.7931], [-16.9143, 14.7917], [-16.9134, 14.7909], [-16.9128, 14.7904], [-16.9124, 14.7901], [-16.9101, 14.7881], [-16.908, 14.7862], [-16.9068, 14.7852], [-16.9062, 14.7846], [-16.9051, 14.7837], [-16.9049, 14.7836], [-16.9044, 14.7831], [-16.9044, 14.7831], [-16.9015, 14.7806], [-16.8975, 14.7772], [-16.8964, 14.7762], [-16.8943, 14.7744], [-16.8929, 14.7732], [-16.8911, 14.7716], [-16.8887, 14.7696], [-16.8885, 14.7694], [-16.8884, 14.7693], [-16.8844, 14.7658], [-16.883, 14.7646], [-16.8824, 14.7642], [-16.8822, 14.764], [-16.882, 14.7638], [-16.8818, 14.7636], [-16.8815, 14.7634], [-16.8812, 14.7632], [-16.8808, 14.763], [-16.8805, 14.7629], [-16.8802, 14.7627], [-16.8799, 14.7626], [-16.8795, 14.7624], [-16.879, 14.7623], [-16.8778, 14.7619], [-16.877, 14.7618], [-16.8766, 14.7618], [-16.8762, 14.7617], [-16.8759, 14.7617], [-16.8733, 14.7618], [-16.8701, 14.762], [-16.8692, 14.762], [-16.867, 14.7621], [-16.8636, 14.7623], [-16.8527, 14.7627], [-16.852, 14.7628], [-16.8504, 14.7629], [-16.8497, 14.7629], [-16.8488, 14.7629], [-16.8478, 14.763], [-16.8466, 14.763], [-16.8457, 14.7631], [-16.8323, 14.7637], [-16.8313, 14.7637], [-16.8312, 14.7637], [-16.8262, 14.764], [-16.8254, 14.764], [-16.8243, 14.7641], [-16.8188, 14.7643], [-16.8088, 14.7648], [-16.8082, 14.7648], [-16.806, 14.7649], [-16.8037, 14.765], [-16.8027, 14.765]]}}, {"type": "Feature", "properties": {"kind": "rail", "name": "Chemin de fer de Dakar au Niger", "ref": ""}, "geometry": {"type": "LineString", "coordinates": [[-16.8495, 15.0921], [-16.849, 15.0929], [-16.8486, 15.0936], [-16.8466, 15.097], [-16.8436, 15.1021]]}}, {"type": "Feature", "properties": {"kind": "rail", "name": "Chemin de fer de Dakar au Niger", "ref": ""}, "geometry": {"type": "LineString", "coordinates": [[-16.8463, 15.099], [-16.8444, 15.1022]]}}, {"type": "Feature", "properties": {"kind": "rail", "name": "", "ref": ""}, "geometry": {"type": "LineString", "coordinates": [[-16.847, 15.0976], [-16.8467, 15.0981]]}}, {"type": "Feature", "properties": {"kind": "rail", "name": "Chemin de fer de Dakar au Niger", "ref": ""}, "geometry": {"type": "LineString", "coordinates": [[-16.8483, 15.0957], [-16.847, 15.0979], [-16.8465, 15.0987], [-16.8444, 15.1022]]}}, {"type": "Feature", "properties": {"kind": "rail", "name": "", "ref": ""}, "geometry": {"type": "LineString", "coordinates": [[-16.8479, 15.0962], [-16.8469, 15.0976], [-16.8468, 15.0977], [-16.8466, 15.098]]}}, {"type": "Feature", "properties": {"kind": "rail", "name": "Chemin de fer de Dakar au Niger", "ref": ""}, "geometry": {"type": "LineString", "coordinates": [[-16.8465, 15.0987], [-16.8463, 15.099], [-16.8459, 15.0996], [-16.8458, 15.0998], [-16.8443, 15.1022]]}}, {"type": "Feature", "properties": {"kind": "rail", "name": "", "ref": ""}, "geometry": {"type": "LineString", "coordinates": [[-16.8473, 15.0973], [-16.8471, 15.0976], [-16.847, 15.0976], [-16.8468, 15.0978], [-16.8468, 15.098], [-16.8467, 15.0981]]}}, {"type": "Feature", "properties": {"kind": "rail", "name": "", "ref": ""}, "geometry": {"type": "LineString", "coordinates": [[-16.8486, 15.0954], [-16.8483, 15.0957], [-16.848, 15.096], [-16.8479, 15.0962], [-16.8473, 15.0973], [-16.8468, 15.0981]]}}, {"type": "Feature", "properties": {"kind": "rail", "name": "Chemin de fer de Dakar au Niger", "ref": ""}, "geometry": {"type": "LineString", "coordinates": [[-16.8495, 15.0921], [-16.8496, 15.092], [-16.8499, 15.0914], [-16.8509, 15.0897], [-16.8515, 15.0887], [-16.8518, 15.0883], [-16.8519, 15.0879], [-16.8521, 15.0875], [-16.8523, 15.087], [-16.8525, 15.0865], [-16.8526, 15.086], [-16.8527, 15.0855], [-16.8528, 15.0851], [-16.8539, 15.0777], [-16.854, 15.0764], [-16.8541, 15.0756], [-16.8543, 15.0751], [-16.8544, 15.0744], [-16.8547, 15.0736], [-16.8551, 15.0728], [-16.8558, 15.0717], [-16.8631, 15.0611], [-16.8662, 15.0566], [-16.8668, 15.0555], [-16.8673, 15.0547], [-16.8677, 15.0536], [-16.8679, 15.0527], [-16.8681, 15.0518], [-16.8681, 15.0509], [-16.8681, 15.0503], [-16.8681, 15.05], [-16.8679, 15.0491], [-16.8678, 15.0484], [-16.8674, 15.0475], [-16.867, 15.0467], [-16.8649, 15.0434], [-16.8641, 15.0421], [-16.8629, 15.0401], [-16.8614, 15.0378], [-16.8609, 15.037], [-16.8571, 15.0311], [-16.8569, 15.0306], [-16.8566, 15.0302], [-16.856, 15.0294], [-16.8557, 15.029], [-16.8551, 15.0283], [-16.8504, 15.0228], [-16.8475, 15.0194], [-16.8411, 15.0118], [-16.8407, 15.0113], [-16.8402, 15.0107], [-16.8399, 15.0102], [-16.8394, 15.0095], [-16.8389, 15.0086], [-16.8374, 15.006], [-16.8362, 15.0041], [-16.835, 15.0021], [-16.8248, 14.9854], [-16.8242, 14.9843], [-16.8238, 14.9834], [-16.8232, 14.982], [-16.8221, 14.9793], [-16.8219, 14.979], [-16.8211, 14.9768], [-16.8206, 14.9757], [-16.8167, 14.9662], [-16.8165, 14.9657], [-16.8155, 14.9632], [-16.8152, 14.9625], [-16.8148, 14.9615], [-16.8146, 14.961], [-16.8142, 14.9601], [-16.8141, 14.9598], [-16.8141, 14.9596], [-16.814, 14.9594], [-16.814, 14.9591], [-16.8139, 14.9587], [-16.8139, 14.9584], [-16.8139, 14.9581], [-16.814, 14.9577], [-16.814, 14.9574], [-16.8141, 14.957], [-16.8142, 14.9567], [-16.8143, 14.9565], [-16.8145, 14.9562], [-16.8146, 14.9559], [-16.8147, 14.9558], [-16.815, 14.9555], [-16.8152, 14.9553], [-16.8155, 14.955]]}}, {"type": "Feature", "properties": {"kind": "rail", "name": "Chemin de fer de Dakar au Niger", "ref": ""}, "geometry": {"type": "LineString", "coordinates": [[-16.8155, 14.955], [-16.8156, 14.9549], [-16.8158, 14.9547], [-16.8184, 14.9522], [-16.8185, 14.9521], [-16.8186, 14.9519], [-16.8188, 14.9517], [-16.819, 14.9515], [-16.8206, 14.95], [-16.822, 14.9487], [-16.8228, 14.9479], [-16.8239, 14.9467], [-16.825, 14.9457], [-16.8254, 14.9453], [-16.8262, 14.9445], [-16.8267, 14.944], [-16.827, 14.9437], [-16.8276, 14.9431], [-16.828, 14.9427], [-16.8293, 14.9415], [-16.8297, 14.9411], [-16.8312, 14.9397], [-16.8319, 14.9389], [-16.8323, 14.9386], [-16.8334, 14.9375], [-16.8338, 14.9371], [-16.8343, 14.9366], [-16.8347, 14.9362], [-16.8356, 14.9352], [-16.8362, 14.9345], [-16.8365, 14.9341], [-16.8381, 14.9318], [-16.8397, 14.9298], [-16.8426, 14.9257], [-16.8454, 14.9219], [-16.8463, 14.9207], [-16.847, 14.9197], [-16.8476, 14.9189], [-16.8478, 14.9187], [-16.8479, 14.9184], [-16.848, 14.9182], [-16.8481, 14.918], [-16.8481, 14.9178], [-16.8482, 14.9175], [-16.8483, 14.9172], [-16.8483, 14.9169], [-16.8483, 14.9166], [-16.8483, 14.9156], [-16.8483, 14.9151], [-16.8484, 14.9148], [-16.8484, 14.9144], [-16.8484, 14.9143], [-16.8484, 14.914], [-16.8485, 14.9137], [-16.8485, 14.9133], [-16.8486, 14.9129], [-16.8487, 14.9126], [-16.8488, 14.9122], [-16.8489, 14.9119], [-16.8491, 14.9116], [-16.8493, 14.9112], [-16.8494, 14.9109], [-16.8496, 14.9105], [-16.8498, 14.9102], [-16.85, 14.9099], [-16.8502, 14.9096], [-16.8505, 14.9093], [-16.8507, 14.9091], [-16.851, 14.9087], [-16.8513, 14.9085], [-16.8516, 14.9082], [-16.8519, 14.9079], [-16.8523, 14.9076], [-16.8528, 14.9073], [-16.8529, 14.9073], [-16.8544, 14.9063], [-16.8578, 14.9043], [-16.8583, 14.9039], [-16.8595, 14.9032], [-16.8615, 14.9019], [-16.8615, 14.9018], [-16.862, 14.9015], [-16.8623, 14.9013], [-16.8627, 14.9009], [-16.863, 14.9006], [-16.8633, 14.9002], [-16.8636, 14.8999], [-16.8644, 14.8989], [-16.8648, 14.8984], [-16.8652, 14.8979], [-16.8655, 14.8976], [-16.8658, 14.8973], [-16.866, 14.8971], [-16.8662, 14.8969], [-16.8665, 14.8967], [-16.8666, 14.8967], [-16.8669, 14.8964], [-16.8678, 14.8959], [-16.8681, 14.8956], [-16.8684, 14.8954], [-16.8686, 14.8953], [-16.8688, 14.8951], [-16.869, 14.8949], [-16.8695, 14.8942], [-16.8698, 14.8933], [-16.8705, 14.8911], [-16.8708, 14.8904], [-16.871, 14.8898], [-16.8715, 14.889], [-16.872, 14.8885], [-16.8729, 14.8876], [-16.8735, 14.887], [-16.8742, 14.8863], [-16.8749, 14.8855], [-16.8753, 14.8851]]}}, {"type": "Feature", "properties": {"kind": "rail", "name": "Chemin de fer de Dakar au Niger", "ref": ""}, "geometry": {"type": "LineString", "coordinates": [[-13.4706, 13.8844], [-13.4705, 13.8844]]}}, {"type": "Feature", "properties": {"kind": "rail", "name": "", "ref": ""}, "geometry": {"type": "LineString", "coordinates": [[-13.91, 13.8109], [-13.9089, 13.8103], [-13.908, 13.8098], [-13.9044, 13.809], [-13.9008, 13.8081], [-13.9005, 13.808], [-13.9, 13.8078], [-13.8997, 13.8077], [-13.8994, 13.8075], [-13.899, 13.8074], [-13.8929, 13.8042], [-13.8891, 13.8024], [-13.8887, 13.8022], [-13.8883, 13.802], [-13.8878, 13.8018], [-13.8874, 13.8017], [-13.8864, 13.8014]]}}, {"type": "Feature", "properties": {"kind": "rail", "name": "", "ref": ""}, "geometry": {"type": "LineString", "coordinates": [[-17.2493, 14.707], [-17.2494, 14.707], [-17.2504, 14.7072]]}}, {"type": "Feature", "properties": {"kind": "rail", "name": "Chemin de fer de Dakar au Niger", "ref": ""}, "geometry": {"type": "LineString", "coordinates": [[-17.2261, 14.6992], [-17.226, 14.6992]]}}, {"type": "Feature", "properties": {"kind": "rail", "name": "Chemin de fer de Dakar au Niger", "ref": ""}, "geometry": {"type": "LineString", "coordinates": [[-13.524, 13.8521], [-13.524, 13.8521]]}}, {"type": "Feature", "properties": {"kind": "rail", "name": "", "ref": ""}, "geometry": {"type": "LineString", "coordinates": [[-12.361, 14.3921], [-12.3564, 14.3956], [-12.3547, 14.3969], [-12.3532, 14.3979], [-12.3516, 14.3987], [-12.3494, 14.3997], [-12.346, 14.4013], [-12.3432, 14.4025], [-12.3392, 14.4043], [-12.3343, 14.4065], [-12.3323, 14.4075], [-12.327, 14.4099], [-12.3252, 14.4106], [-12.3247, 14.4108], [-12.3241, 14.411], [-12.3236, 14.4111], [-12.321, 14.4115]]}}, {"type": "Feature", "properties": {"kind": "rail", "name": "", "ref": ""}, "geometry": {"type": "LineString", "coordinates": [[-12.3611, 14.392], [-12.361, 14.3921], [-12.361, 14.3921]]}}, {"type": "Feature", "properties": {"kind": "rail", "name": "", "ref": ""}, "geometry": {"type": "LineString", "coordinates": [[-12.321, 14.4115], [-12.321, 14.4115], [-12.3209, 14.4116]]}}, {"type": "Feature", "properties": {"kind": "rail", "name": "", "ref": ""}, "geometry": {"type": "LineString", "coordinates": [[-13.9101, 13.8109], [-13.91, 13.8109]]}}, {"type": "Feature", "properties": {"kind": "rail", "name": "", "ref": ""}, "geometry": {"type": "LineString", "coordinates": [[-14.0819, 13.8667], [-14.0816, 13.8668], [-14.0813, 13.8669], [-14.0777, 13.8686], [-14.0774, 13.8688]]}}, {"type": "Feature", "properties": {"kind": "rail", "name": "", "ref": ""}, "geometry": {"type": "LineString", "coordinates": [[-14.0813, 13.8669], [-14.081, 13.867], [-14.0782, 13.8683], [-14.0779, 13.8684], [-14.0777, 13.8686]]}}, {"type": "Feature", "properties": {"kind": "rail", "name": "Chemin de fer de Dakar au Niger", "ref": ""}, "geometry": {"type": "LineString", "coordinates": [[-17.1405, 14.7534], [-17.1404, 14.7534]]}}, {"type": "Feature", "properties": {"kind": "rail", "name": "", "ref": ""}, "geometry": {"type": "LineString", "coordinates": [[-12.7595, 14.1769], [-12.7593, 14.1771]]}}, {"type": "Feature", "properties": {"kind": "rail", "name": "", "ref": ""}, "geometry": {"type": "LineString", "coordinates": [[-12.7198, 14.1849], [-12.7197, 14.185]]}}, {"type": "Feature", "properties": {"kind": "rail", "name": "", "ref": ""}, "geometry": {"type": "LineString", "coordinates": [[-12.714, 14.1878], [-12.7144, 14.1877], [-12.7145, 14.1876], [-12.7146, 14.1876], [-12.7147, 14.1875], [-12.7148, 14.1875], [-12.7177, 14.1861], [-12.7177, 14.1861], [-12.7178, 14.186], [-12.7181, 14.1858], [-12.7183, 14.1857], [-12.7184, 14.1857], [-12.7187, 14.1855]]}}, {"type": "Feature", "properties": {"kind": "rail", "name": "", "ref": ""}, "geometry": {"type": "LineString", "coordinates": [[-12.7181, 14.1858], [-12.714, 14.1878], [-12.7136, 14.188], [-12.7135, 14.1881], [-12.7134, 14.1881], [-12.713, 14.1882]]}}, {"type": "Feature", "properties": {"kind": "rail", "name": "", "ref": ""}, "geometry": {"type": "LineString", "coordinates": [[-12.4015, 14.3543], [-12.4005, 14.3552], [-12.4002, 14.3554], [-12.3999, 14.3557], [-12.3968, 14.3575], [-12.3964, 14.3578], [-12.3961, 14.3582], [-12.395, 14.3594], [-12.3948, 14.3598], [-12.3945, 14.3602], [-12.3943, 14.3606], [-12.3941, 14.3611], [-12.393, 14.3637], [-12.3924, 14.3654], [-12.3922, 14.3658], [-12.3919, 14.3662], [-12.3917, 14.3666], [-12.3914, 14.367], [-12.3895, 14.369], [-12.3891, 14.3694], [-12.3863, 14.3724], [-12.386, 14.3728], [-12.3855, 14.3731], [-12.3852, 14.3734], [-12.3848, 14.3737], [-12.3843, 14.3739], [-12.381, 14.3759], [-12.3806, 14.3761], [-12.3803, 14.3764], [-12.3799, 14.3767], [-12.3796, 14.377], [-12.3793, 14.3774], [-12.379, 14.3778], [-12.3772, 14.3809], [-12.3769, 14.3813], [-12.3766, 14.3815], [-12.3765, 14.3818], [-12.3761, 14.382], [-12.3758, 14.3823], [-12.3737, 14.3837], [-12.3681, 14.3872], [-12.3646, 14.3895], [-12.3611, 14.392]]}}, {"type": "Feature", "properties": {"kind": "rail", "name": "", "ref": ""}, "geometry": {"type": "LineString", "coordinates": [[-12.4017, 14.3541], [-12.4015, 14.3543]]}}, {"type": "Feature", "properties": {"kind": "rail", "name": "", "ref": ""}, "geometry": {"type": "LineString", "coordinates": [[-16.7656, 14.9754], [-16.767, 14.9754]]}}, {"type": "Feature", "properties": {"kind": "rail", "name": "", "ref": ""}, "geometry": {"type": "LineString", "coordinates": [[-16.7632, 14.9752], [-16.7635, 14.9752], [-16.7638, 14.9752], [-16.7641, 14.9753]]}}, {"type": "Feature", "properties": {"kind": "rail", "name": "", "ref": ""}, "geometry": {"type": "LineString", "coordinates": [[-16.7641, 14.9753], [-16.7656, 14.9754]]}}, {"type": "Feature", "properties": {"kind": "rail", "name": "", "ref": ""}, "geometry": {"type": "LineString", "coordinates": [[-16.7684, 14.9755], [-16.7687, 14.9755], [-16.7689, 14.9755], [-16.7691, 14.9754], [-16.7693, 14.9754], [-16.7694, 14.9754], [-16.7696, 14.9753], [-16.7698, 14.9752], [-16.7712, 14.9744], [-16.7713, 14.9744], [-16.7734, 14.9732], [-16.775, 14.9724], [-16.7805, 14.9695], [-16.7809, 14.9693], [-16.7811, 14.9691], [-16.7814, 14.969], [-16.7816, 14.9688], [-16.7818, 14.9686], [-16.7821, 14.9684], [-16.7822, 14.9682], [-16.7824, 14.968], [-16.7826, 14.9678], [-16.7829, 14.9676], [-16.7832, 14.9672], [-16.7833, 14.9671], [-16.7871, 14.9628], [-16.7874, 14.9626], [-16.7876, 14.9624], [-16.7879, 14.9622], [-16.7882, 14.962], [-16.7885, 14.9619], [-16.7888, 14.9618], [-16.7891, 14.9616], [-16.7894, 14.9616], [-16.7897, 14.9615], [-16.79, 14.9615], [-16.7903, 14.9615], [-16.7906, 14.9615], [-16.7909, 14.9615], [-16.7911, 14.9615], [-16.7914, 14.9616], [-16.7917, 14.9616], [-16.792, 14.9617], [-16.7937, 14.9623], [-16.7939, 14.9624], [-16.7941, 14.9624], [-16.7944, 14.9625], [-16.7946, 14.9625], [-16.7947, 14.9625], [-16.795, 14.9625], [-16.7953, 14.9625], [-16.7955, 14.9625], [-16.7957, 14.9625], [-16.796, 14.9625], [-16.7962, 14.9624], [-16.7965, 14.9623], [-16.7971, 14.9621], [-16.7988, 14.9615], [-16.8023, 14.9603], [-16.8036, 14.9598], [-16.8041, 14.9597], [-16.8046, 14.9595], [-16.8051, 14.9593], [-16.8056, 14.9591], [-16.8062, 14.9589], [-16.8066, 14.9588], [-16.8068, 14.9587], [-16.8069, 14.9587], [-16.8073, 14.9585], [-16.808, 14.9583], [-16.8087, 14.9581], [-16.8098, 14.9577], [-16.8108, 14.9573], [-16.8116, 14.957], [-16.8122, 14.9568], [-16.8126, 14.9567], [-16.8128, 14.9566], [-16.8132, 14.9564], [-16.8135, 14.9562], [-16.8138, 14.9561], [-16.8141, 14.9559], [-16.8144, 14.9557], [-16.8147, 14.9556], [-16.8148, 14.9555], [-16.8152, 14.9552], [-16.8155, 14.955]]}}, {"type": "Feature", "properties": {"kind": "rail", "name": "", "ref": ""}, "geometry": {"type": "LineString", "coordinates": [[-16.767, 14.9754], [-16.7682, 14.9755], [-16.7684, 14.9755]]}}, {"type": "Feature", "properties": {"kind": "rail", "name": "", "ref": ""}, "geometry": {"type": "LineString", "coordinates": [[-16.9084, 14.8227], [-16.9084, 14.8227], [-16.9084, 14.8228]]}}, {"type": "Feature", "properties": {"kind": "rail", "name": "", "ref": ""}, "geometry": {"type": "LineString", "coordinates": [[-16.9084, 14.8228], [-16.9071, 14.8266], [-16.9069, 14.827], [-16.9067, 14.8274], [-16.9064, 14.828], [-16.9061, 14.8285], [-16.9056, 14.829], [-16.9052, 14.8294], [-16.9048, 14.8298]]}}, {"type": "Feature", "properties": {"kind": "rail", "name": "", "ref": ""}, "geometry": {"type": "LineString", "coordinates": [[-13.6761, 13.7734], [-13.6759, 13.7735], [-13.6723, 13.7741], [-13.6709, 13.7743], [-13.6708, 13.7743], [-13.6708, 13.7743], [-13.6705, 13.7743]]}}, {"type": "Feature", "properties": {"kind": "rail", "name": "", "ref": ""}, "geometry": {"type": "LineString", "coordinates": [[-13.673, 13.7741], [-13.6751, 13.7737], [-13.6752, 13.7737], [-13.6753, 13.7737], [-13.6757, 13.7736], [-13.6761, 13.7734], [-13.6761, 13.7734], [-13.6762, 13.7734], [-13.6764, 13.7733]]}}, {"type": "Feature", "properties": {"kind": "rail", "name": "", "ref": ""}, "geometry": {"type": "LineString", "coordinates": [[-13.6756, 13.7732], [-13.6751, 13.7732], [-13.675, 13.7732], [-13.675, 13.7732], [-13.6749, 13.7732], [-13.6742, 13.7732]]}}, {"type": "Feature", "properties": {"kind": "rail", "name": "", "ref": ""}, "geometry": {"type": "LineString", "coordinates": [[-13.6711, 13.7741], [-13.6764, 13.7733]]}}, {"type": "Feature", "properties": {"kind": "rail", "name": "", "ref": ""}, "geometry": {"type": "LineString", "coordinates": [[-13.6742, 13.7732], [-13.6738, 13.7733], [-13.6729, 13.7735], [-13.6728, 13.7735], [-13.6728, 13.7735], [-13.6727, 13.7735], [-13.6724, 13.7736], [-13.6722, 13.7737], [-13.672, 13.7738], [-13.6713, 13.7741], [-13.6711, 13.7741], [-13.671, 13.7742], [-13.6709, 13.7742]]}}, {"type": "Feature", "properties": {"kind": "rail", "name": "", "ref": ""}, "geometry": {"type": "LineString", "coordinates": [[-13.6752, 13.7734], [-13.6751, 13.7734], [-13.6751, 13.7734], [-13.6738, 13.7733]]}}, {"type": "Feature", "properties": {"kind": "rail", "name": "", "ref": ""}, "geometry": {"type": "LineString", "coordinates": [[-13.6756, 13.7734], [-13.6757, 13.7733], [-13.6758, 13.7733], [-13.6759, 13.7732], [-13.676, 13.7732], [-13.6761, 13.7731], [-13.6762, 13.7731], [-13.6762, 13.773], [-13.6763, 13.7729], [-13.6763, 13.7728], [-13.6764, 13.7727], [-13.6764, 13.7725], [-13.6765, 13.7724], [-13.6765, 13.7723], [-13.6765, 13.7723], [-13.6764, 13.7721], [-13.6764, 13.7718], [-13.6763, 13.7715]]}}, {"type": "Feature", "properties": {"kind": "rail", "name": "", "ref": ""}, "geometry": {"type": "LineString", "coordinates": [[-13.6737, 13.7734], [-13.6727, 13.7736], [-13.6722, 13.7737]]}}, {"type": "Feature", "properties": {"kind": "rail", "name": "", "ref": ""}, "geometry": {"type": "LineString", "coordinates": [[-13.6713, 13.7741], [-13.6752, 13.7734], [-13.6756, 13.7734], [-13.6761, 13.7733], [-13.6762, 13.7733], [-13.6764, 13.7733], [-13.6769, 13.7733]]}}, {"type": "Feature", "properties": {"kind": "rail", "name": "", "ref": ""}, "geometry": {"type": "LineString", "coordinates": [[-13.6741, 13.774], [-13.6756, 13.7737], [-13.6757, 13.7737], [-13.6758, 13.7737], [-13.6765, 13.7734], [-13.6766, 13.7734], [-13.6772, 13.7732]]}}, {"type": "Feature", "properties": {"kind": "rail", "name": "", "ref": ""}, "geometry": {"type": "LineString", "coordinates": [[-13.675, 13.773], [-13.6756, 13.7729]]}}, {"type": "Feature", "properties": {"kind": "rail", "name": "", "ref": ""}, "geometry": {"type": "LineString", "coordinates": [[-13.6756, 13.7729], [-13.6752, 13.7729], [-13.6752, 13.773], [-13.675, 13.773], [-13.6742, 13.7732]]}}, {"type": "Feature", "properties": {"kind": "rail", "name": "", "ref": ""}, "geometry": {"type": "LineString", "coordinates": [[-13.6757, 13.7736], [-13.673, 13.774]]}}, {"type": "Feature", "properties": {"kind": "rail", "name": "Chemin de fer de Dakar au Niger", "ref": ""}, "geometry": {"type": "LineString", "coordinates": [[-13.7542, 13.7738], [-13.754, 13.7738]]}}, {"type": "Feature", "properties": {"kind": "rail", "name": "", "ref": ""}, "geometry": {"type": "LineString", "coordinates": [[-13.8864, 13.8014], [-13.8863, 13.8013]]}}, {"type": "Feature", "properties": {"kind": "rail", "name": "Chemin de fer de Dakar au Niger", "ref": ""}, "geometry": {"type": "LineString", "coordinates": [[-13.8863, 13.8013], [-13.8839, 13.8005], [-13.8835, 13.8004], [-13.883, 13.8003], [-13.8826, 13.8002], [-13.8822, 13.8002], [-13.8818, 13.8001], [-13.8653, 13.7985], [-13.863, 13.7983], [-13.8625, 13.7983], [-13.862, 13.7982], [-13.8616, 13.7981], [-13.8612, 13.798], [-13.8608, 13.7979], [-13.8604, 13.7978], [-13.8534, 13.7952], [-13.8467, 13.7927], [-13.8343, 13.7881], [-13.8112, 13.7795], [-13.8102, 13.7792], [-13.8091, 13.779], [-13.8041, 13.7782], [-13.7968, 13.7771], [-13.7866, 13.7756], [-13.7856, 13.7755], [-13.7825, 13.7753], [-13.7726, 13.7748], [-13.7665, 13.7745], [-13.7583, 13.7741], [-13.7542, 13.7738]]}}, {"type": "Feature", "properties": {"kind": "rail", "name": "", "ref": ""}, "geometry": {"type": "LineString", "coordinates": [[-16.925, 14.7978], [-16.9243, 14.798], [-16.9235, 14.7981], [-16.9227, 14.7983], [-16.9219, 14.7984], [-16.9218, 14.7984], [-16.9214, 14.7985], [-16.9208, 14.7986], [-16.9199, 14.7988], [-16.9196, 14.7988]]}}, {"type": "Feature", "properties": {"kind": "rail", "name": "", "ref": ""}, "geometry": {"type": "LineString", "coordinates": [[-16.9195, 14.7985], [-16.9201, 14.7984], [-16.9203, 14.7984], [-16.9205, 14.7984], [-16.9208, 14.7984], [-16.9219, 14.7984]]}}, {"type": "Feature", "properties": {"kind": "rail", "name": "Chemin de fer de Dakar au Niger", "ref": ""}, "geometry": {"type": "LineString", "coordinates": [[-16.8466, 15.097], [-16.8462, 15.0981], [-16.8454, 15.1], [-16.8454, 15.1002], [-16.8453, 15.1004], [-16.8452, 15.1006]]}}, {"type": "Feature", "properties": {"kind": "rail", "name": "Chemin de fer de Dakar au Niger", "ref": ""}, "geometry": {"type": "LineString", "coordinates": [[-16.8443, 15.1022], [-16.8452, 15.1006], [-16.8456, 15.1], [-16.8456, 15.0999], [-16.8457, 15.0998], [-16.8458, 15.0998]]}}, {"type": "Feature", "properties": {"kind": "rail", "name": "", "ref": ""}, "geometry": {"type": "LineString", "coordinates": [[-16.9046, 14.8299], [-16.9025, 14.832], [-16.9016, 14.8329], [-16.9004, 14.8341], [-16.8994, 14.8355], [-16.8979, 14.8388], [-16.8942, 14.8465], [-16.8914, 14.8526], [-16.8913, 14.8528], [-16.886, 14.8641], [-16.8846, 14.867], [-16.8839, 14.8684], [-16.8832, 14.8699], [-16.8829, 14.8703], [-16.8817, 14.8728], [-16.8801, 14.8761], [-16.8786, 14.8792], [-16.8767, 14.8829], [-16.8763, 14.8835], [-16.8753, 14.8851]]}}, {"type": "Feature", "properties": {"kind": "rail", "name": "", "ref": ""}, "geometry": {"type": "LineString", "coordinates": [[-16.9048, 14.8298], [-16.9046, 14.8299]]}}, {"type": "Feature", "properties": {"kind": "rail", "name": "", "ref": ""}, "geometry": {"type": "LineString", "coordinates": [[-16.9189, 14.7974], [-16.9193, 14.7975], [-16.9194, 14.7975], [-16.9195, 14.7975], [-16.9198, 14.7975], [-16.9199, 14.7974], [-16.92, 14.7974], [-16.9204, 14.7975], [-16.9206, 14.7975], [-16.9208, 14.7975], [-16.921, 14.7976], [-16.9212, 14.7976], [-16.9213, 14.7976]]}}, {"type": "Feature", "properties": {"kind": "rail", "name": "", "ref": ""}, "geometry": {"type": "LineString", "coordinates": [[-16.9197, 14.7991], [-16.9212, 14.7988], [-16.9213, 14.7988], [-16.9214, 14.7988], [-16.9224, 14.7983], [-16.9227, 14.7983]]}}, {"type": "Feature", "properties": {"kind": "rail", "name": "", "ref": ""}, "geometry": {"type": "LineString", "coordinates": [[-16.9178, 14.7976], [-16.9186, 14.7977]]}}, {"type": "Feature", "properties": {"kind": "rail", "name": "", "ref": ""}, "geometry": {"type": "LineString", "coordinates": [[-16.9186, 14.7978], [-16.9178, 14.7977]]}}, {"type": "Feature", "properties": {"kind": "rail", "name": "", "ref": ""}, "geometry": {"type": "LineString", "coordinates": [[-16.9204, 14.7975], [-16.9203, 14.7975], [-16.9202, 14.7975], [-16.9201, 14.7975], [-16.9198, 14.7977], [-16.9197, 14.7977], [-16.9196, 14.7977], [-16.9195, 14.7977], [-16.9193, 14.7978], [-16.9192, 14.7978], [-16.919, 14.7978], [-16.9188, 14.7978], [-16.9186, 14.7978]]}}, {"type": "Feature", "properties": {"kind": "rail", "name": "", "ref": ""}, "geometry": {"type": "LineString", "coordinates": [[-16.9186, 14.7977], [-16.9187, 14.7977], [-16.9187, 14.7977], [-16.9192, 14.7978]]}}, {"type": "Feature", "properties": {"kind": "rail", "name": "", "ref": ""}, "geometry": {"type": "LineString", "coordinates": [[-16.9186, 14.7975], [-16.9178, 14.7974]]}}, {"type": "Feature", "properties": {"kind": "rail", "name": "", "ref": ""}, "geometry": {"type": "LineString", "coordinates": [[-16.9176, 14.7981], [-16.9184, 14.7982], [-16.9185, 14.7982], [-16.9186, 14.7982], [-16.9187, 14.7982], [-16.9188, 14.7982], [-16.9189, 14.7981], [-16.9194, 14.7979]]}}, {"type": "Feature", "properties": {"kind": "rail", "name": "", "ref": ""}, "geometry": {"type": "LineString", "coordinates": [[-16.9213, 14.7976], [-16.9208, 14.7976], [-16.9206, 14.7976], [-16.9205, 14.7976], [-16.9204, 14.7976], [-16.9203, 14.7976], [-16.9202, 14.7976], [-16.9201, 14.7976], [-16.92, 14.7977], [-16.9199, 14.7977], [-16.9198, 14.7978], [-16.9197, 14.7979], [-16.9197, 14.7979], [-16.9196, 14.798], [-16.9196, 14.7981], [-16.9195, 14.7982], [-16.9195, 14.7983], [-16.9194, 14.7984], [-16.9194, 14.7985], [-16.9194, 14.7986], [-16.9194, 14.7987], [-16.9194, 14.7988], [-16.9195, 14.7989], [-16.9195, 14.799], [-16.9195, 14.7991], [-16.9195, 14.7992], [-16.9196, 14.7993], [-16.9196, 14.7993], [-16.9197, 14.7994], [-16.9198, 14.7995], [-16.9199, 14.7996], [-16.92, 14.7996], [-16.92, 14.7997], [-16.9201, 14.7997], [-16.9202, 14.7998], [-16.9203, 14.7998], [-16.9204, 14.7998], [-16.9206, 14.7998], [-16.9206, 14.7998], [-16.9208, 14.7998], [-16.9209, 14.7997], [-16.9209, 14.7997], [-16.9229, 14.7984], [-16.923, 14.7984], [-16.923, 14.7983], [-16.9231, 14.7983], [-16.9235, 14.7981]]}}, {"type": "Feature", "properties": {"kind": "rail", "name": "", "ref": ""}, "geometry": {"type": "LineString", "coordinates": [[-16.9193, 14.7975], [-16.9186, 14.7975]]}}, {"type": "Feature", "properties": {"kind": "rail", "name": "", "ref": ""}, "geometry": {"type": "LineString", "coordinates": [[-16.9178, 14.7975], [-16.9186, 14.7975]]}}, {"type": "Feature", "properties": {"kind": "rail", "name": "", "ref": ""}, "geometry": {"type": "LineString", "coordinates": [[-16.9213, 14.7976], [-16.9235, 14.798], [-16.9237, 14.798], [-16.9237, 14.798], [-16.9239, 14.798], [-16.9243, 14.798]]}}, {"type": "Feature", "properties": {"kind": "rail", "name": "", "ref": ""}, "geometry": {"type": "LineString", "coordinates": [[-16.9183, 14.7981], [-16.9186, 14.7981], [-16.9187, 14.7981], [-16.9187, 14.7981], [-16.9188, 14.7981], [-16.9189, 14.7981], [-16.919, 14.798], [-16.9192, 14.798], [-16.9194, 14.7979], [-16.9201, 14.7976]]}}, {"type": "Feature", "properties": {"kind": "rail", "name": "", "ref": ""}, "geometry": {"type": "LineString", "coordinates": [[-16.9281, 14.7974], [-16.9282, 14.7973], [-16.9282, 14.7973], [-16.9289, 14.7971], [-16.929, 14.797], [-16.9291, 14.797], [-16.9315, 14.7967], [-16.9316, 14.7967], [-16.9317, 14.7967], [-16.9318, 14.7967], [-16.9327, 14.7969]]}}, {"type": "Feature", "properties": {"kind": "rail", "name": "Chemin de fer de Dakar au Niger", "ref": ""}, "geometry": {"type": "LineString", "coordinates": [[-16.9316, 14.797], [-16.9293, 14.7972], [-16.9284, 14.7973], [-16.9281, 14.7974], [-16.9279, 14.7974], [-16.9277, 14.7974], [-16.9273, 14.7975]]}}, {"type": "Feature", "properties": {"kind": "rail", "name": "", "ref": ""}, "geometry": {"type": "LineString", "coordinates": [[-16.9317, 14.7969], [-16.9289, 14.7972], [-16.9293, 14.7971], [-16.9294, 14.7971], [-16.9295, 14.7971], [-16.9315, 14.7968], [-16.9317, 14.7968], [-16.9318, 14.7968]]}}, {"type": "Feature", "properties": {"kind": "rail", "name": "", "ref": ""}, "geometry": {"type": "LineString", "coordinates": [[-16.9284, 14.7973], [-16.9286, 14.7973], [-16.9293, 14.797], [-16.9294, 14.797], [-16.9295, 14.797], [-16.9314, 14.7968], [-16.9315, 14.7968], [-16.9316, 14.7968], [-16.9318, 14.7968], [-16.9324, 14.7969]]}}, {"type": "Feature", "properties": {"kind": "rail", "name": "", "ref": ""}, "geometry": {"type": "LineString", "coordinates": [[-16.9301, 14.7976], [-16.9316, 14.7974], [-16.9316, 14.7974], [-16.9317, 14.7974], [-16.9322, 14.7972], [-16.9323, 14.7971], [-16.9324, 14.7971]]}}, {"type": "Feature", "properties": {"kind": "rail", "name": "", "ref": ""}, "geometry": {"type": "LineString", "coordinates": [[-16.9329, 14.7969], [-16.9327, 14.797], [-16.9326, 14.797], [-16.9324, 14.7971], [-16.9296, 14.7974]]}}, {"type": "Feature", "properties": {"kind": "rail", "name": "", "ref": ""}, "geometry": {"type": "LineString", "coordinates": [[-16.9098, 14.788], [-16.9115, 14.7895]]}}, {"type": "Feature", "properties": {"kind": "rail", "name": "", "ref": ""}, "geometry": {"type": "LineString", "coordinates": [[-16.9096, 14.7881], [-16.9102, 14.7886]]}}, {"type": "Feature", "properties": {"kind": "rail", "name": "", "ref": ""}, "geometry": {"type": "LineString", "coordinates": [[-16.9115, 14.7895], [-16.9098, 14.7881]]}}, {"type": "Feature", "properties": {"kind": "rail", "name": "", "ref": ""}, "geometry": {"type": "LineString", "coordinates": [[-15.9486, 14.269], [-15.948, 14.2683], [-15.9462, 14.2666], [-15.9461, 14.2665], [-15.946, 14.2664], [-15.9459, 14.2664], [-15.9458, 14.2663], [-15.945, 14.2658], [-15.9448, 14.2657], [-15.9447, 14.2656], [-15.9445, 14.2655], [-15.9445, 14.2653], [-15.9444, 14.2652], [-15.9444, 14.2651], [-15.9444, 14.265], [-15.9444, 14.2638], [-15.9444, 14.2637], [-15.9443, 14.2636], [-15.9442, 14.2635], [-15.9441, 14.2634], [-15.944, 14.2634], [-15.9439, 14.2633], [-15.9438, 14.2633], [-15.9436, 14.2633], [-15.9435, 14.2633], [-15.9435, 14.2633], [-15.9433, 14.2634], [-15.9433, 14.2634], [-15.9432, 14.2635], [-15.9431, 14.2636], [-15.9431, 14.2637], [-15.943, 14.2638], [-15.943, 14.264], [-15.943, 14.2641], [-15.9431, 14.2642], [-15.9431, 14.2643], [-15.9432, 14.2644], [-15.9432, 14.2645], [-15.9434, 14.2647]]}}, {"type": "Feature", "properties": {"kind": "rail", "name": "", "ref": ""}, "geometry": {"type": "LineString", "coordinates": [[-15.9489, 14.2691], [-15.9485, 14.2687], [-15.9484, 14.2686], [-15.9483, 14.2685], [-15.948, 14.2683]]}}, {"type": "Feature", "properties": {"kind": "rail", "name": "", "ref": ""}, "geometry": {"type": "LineString", "coordinates": [[-15.9487, 14.2693], [-15.9457, 14.2665], [-15.9455, 14.2663], [-15.9451, 14.266], [-15.9448, 14.2658], [-15.944, 14.2652], [-15.9437, 14.265], [-15.9436, 14.2649], [-15.9435, 14.2648], [-15.9432, 14.2645], [-15.9428, 14.2641]]}}, {"type": "Feature", "properties": {"kind": "rail", "name": "", "ref": ""}, "geometry": {"type": "LineString", "coordinates": [[-15.9437, 14.2651], [-15.944, 14.2655], [-15.944, 14.2656], [-15.9441, 14.2656], [-15.945, 14.2666]]}}, {"type": "Feature", "properties": {"kind": "rail", "name": "", "ref": ""}, "geometry": {"type": "LineString", "coordinates": [[-15.9486, 14.27], [-15.9484, 14.2699], [-15.9483, 14.2698], [-15.9466, 14.2681], [-15.9444, 14.2659], [-15.9437, 14.2651], [-15.9436, 14.2651], [-15.9436, 14.265], [-15.9435, 14.2649], [-15.9435, 14.2648]]}}, {"type": "Feature", "properties": {"kind": "rail", "name": "", "ref": ""}, "geometry": {"type": "LineString", "coordinates": [[-15.9444, 14.2656], [-15.9478, 14.2689], [-15.9478, 14.269], [-15.9479, 14.2691], [-15.948, 14.2693]]}}, {"type": "Feature", "properties": {"kind": "rail", "name": "", "ref": ""}, "geometry": {"type": "LineString", "coordinates": [[-15.9473, 14.2682], [-15.9451, 14.266]]}}, {"type": "Feature", "properties": {"kind": "rail", "name": "", "ref": ""}, "geometry": {"type": "LineString", "coordinates": [[-15.9486, 14.269], [-15.9458, 14.2663]]}}, {"type": "Feature", "properties": {"kind": "rail", "name": "", "ref": ""}, "geometry": {"type": "LineString", "coordinates": [[-15.949, 14.2703], [-15.948, 14.2693], [-15.9456, 14.2669], [-15.9435, 14.2648]]}}, {"type": "Feature", "properties": {"kind": "rail", "name": "Chemin de fer de Dakar au Niger", "ref": ""}, "geometry": {"type": "LineString", "coordinates": [[-17.3969, 14.7436], [-17.3966, 14.744]]}}, {"type": "Feature", "properties": {"kind": "rail", "name": "Chemin de fer de Dakar au Niger", "ref": ""}, "geometry": {"type": "LineString", "coordinates": [[-17.3972, 14.7432], [-17.3969, 14.7436]]}}, {"type": "Feature", "properties": {"kind": "rail", "name": "Chemin de fer de Dakar au Niger", "ref": ""}, "geometry": {"type": "LineString", "coordinates": [[-17.3976, 14.7427], [-17.3972, 14.7432]]}}, {"type": "Feature", "properties": {"kind": "rail", "name": "Chemin de fer de Dakar au Niger", "ref": ""}, "geometry": {"type": "LineString", "coordinates": [[-17.3966, 14.744], [-17.3953, 14.7456], [-17.3948, 14.7463], [-17.3942, 14.7471], [-17.3939, 14.7474], [-17.3921, 14.7493], [-17.3916, 14.7499], [-17.3901, 14.7514], [-17.3893, 14.7522], [-17.3874, 14.7542], [-17.387, 14.7546], [-17.3867, 14.7549], [-17.3864, 14.7552], [-17.386, 14.7555], [-17.3856, 14.7558], [-17.3852, 14.7561], [-17.3848, 14.7563], [-17.3844, 14.7566], [-17.3839, 14.7569], [-17.3836, 14.7571], [-17.3831, 14.7573], [-17.3825, 14.7576], [-17.3819, 14.7579], [-17.3809, 14.7584], [-17.3802, 14.7587], [-17.3795, 14.759], [-17.3752, 14.7611], [-17.3739, 14.7617], [-17.3735, 14.7619], [-17.373, 14.762], [-17.3717, 14.7625], [-17.3703, 14.7629], [-17.3694, 14.7631], [-17.3684, 14.7633], [-17.3675, 14.7635], [-17.3666, 14.7637], [-17.3662, 14.7637], [-17.3657, 14.7638], [-17.3649, 14.7639], [-17.3629, 14.7641], [-17.3573, 14.7647], [-17.3558, 14.7649], [-17.3536, 14.7651], [-17.3523, 14.7653], [-17.3518, 14.7653], [-17.3515, 14.7653], [-17.351, 14.7653], [-17.3508, 14.7653], [-17.3504, 14.7653], [-17.3501, 14.7652], [-17.3497, 14.7651], [-17.3493, 14.765], [-17.3486, 14.7648], [-17.3457, 14.7639], [-17.3454, 14.7637], [-17.3451, 14.7635], [-17.3448, 14.7634], [-17.3445, 14.7632], [-17.3442, 14.7629], [-17.344, 14.7627], [-17.3437, 14.7625], [-17.3433, 14.7619], [-17.3424, 14.7605], [-17.3422, 14.7603], [-17.3419, 14.7599], [-17.3418, 14.7598], [-17.3416, 14.7596], [-17.3413, 14.7594], [-17.3411, 14.7593], [-17.3408, 14.7591], [-17.3406, 14.759], [-17.3405, 14.759], [-17.3402, 14.7589], [-17.3399, 14.7588], [-17.339, 14.7586], [-17.3331, 14.7574], [-17.3326, 14.7572], [-17.3322, 14.7571], [-17.3317, 14.7569], [-17.3313, 14.7568], [-17.3308, 14.7566], [-17.3303, 14.7563], [-17.3299, 14.7561], [-17.3295, 14.7559], [-17.3291, 14.7556], [-17.3287, 14.7554], [-17.3283, 14.7551], [-17.3279, 14.7548], [-17.3276, 14.7545], [-17.3272, 14.7543], [-17.3251, 14.7523], [-17.3234, 14.7508], [-17.3226, 14.7501], [-17.3222, 14.7496], [-17.3217, 14.7492], [-17.3213, 14.749], [-17.3209, 14.7487], [-17.3206, 14.7485], [-17.3202, 14.7483], [-17.3198, 14.7481], [-17.3193, 14.7479], [-17.3182, 14.7474], [-17.3178, 14.7472], [-17.3174, 14.747], [-17.317, 14.7468], [-17.3166, 14.7465], [-17.3162, 14.7463], [-17.3159, 14.746], [-17.3156, 14.7457], [-17.3152, 14.7453], [-17.3143, 14.7444], [-17.3133, 14.7432], [-17.3078, 14.7371], [-17.3069, 14.7361], [-17.3067, 14.7359], [-17.3064, 14.7357], [-17.3062, 14.7355], [-17.3061, 14.7354], [-17.3057, 14.7351], [-17.3055, 14.735], [-17.3053, 14.7348], [-17.3046, 14.7344], [-17.2847, 14.7235], [-17.2834, 14.7227], [-17.2812, 14.7215], [-17.2732, 14.7171]]}}, {"type": "Feature", "properties": {"kind": "rail", "name": "", "ref": ""}, "geometry": {"type": "LineString", "coordinates": [[-17.3976, 14.7427], [-17.3977, 14.7425], [-17.3978, 14.7424], [-17.3978, 14.7423], [-17.3978, 14.7422], [-17.3978, 14.742], [-17.3978, 14.7419], [-17.3978, 14.7418], [-17.3978, 14.7416], [-17.3978, 14.7415], [-17.3977, 14.7414], [-17.3976, 14.7413], [-17.3976, 14.7412], [-17.3975, 14.7412], [-17.3974, 14.7411], [-17.3973, 14.741], [-17.3972, 14.7409], [-17.3971, 14.7409], [-17.397, 14.7409], [-17.3969, 14.7408], [-17.3968, 14.7408], [-17.3967, 14.7408], [-17.3964, 14.7409], [-17.3957, 14.741], [-17.3926, 14.7416], [-17.3902, 14.742], [-17.3888, 14.7423], [-17.3887, 14.7424], [-17.3879, 14.7425], [-17.3879, 14.7426], [-17.3876, 14.7426], [-17.386, 14.7431], [-17.3858, 14.7431], [-17.3857, 14.7431], [-17.3856, 14.7432], [-17.3855, 14.7432], [-17.3848, 14.7432], [-17.384, 14.7432], [-17.3836, 14.7432], [-17.3833, 14.7432], [-17.3831, 14.7432], [-17.3827, 14.7432], [-17.3822, 14.7432], [-17.381, 14.7432], [-17.3795, 14.7432], [-17.379, 14.7432], [-17.3782, 14.7432], [-17.3776, 14.7432], [-17.3774, 14.7432], [-17.3766, 14.7432], [-17.3757, 14.7432], [-17.3712, 14.7432], [-17.3662, 14.7431], [-17.3661, 14.7431], [-17.3659, 14.7431], [-17.3658, 14.7431], [-17.3657, 14.7431], [-17.3655, 14.743], [-17.3654, 14.743], [-17.3653, 14.7429], [-17.3652, 14.7428], [-17.365, 14.7427], [-17.3644, 14.7421], [-17.3631, 14.7407], [-17.3629, 14.7406], [-17.3628, 14.7405], [-17.3627, 14.7404], [-17.3625, 14.7403], [-17.3623, 14.7402], [-17.3621, 14.7401], [-17.362, 14.7401], [-17.3614, 14.74], [-17.3564, 14.7391], [-17.3563, 14.7391], [-17.3558, 14.739], [-17.3547, 14.7388], [-17.3543, 14.7387], [-17.354, 14.7386], [-17.353, 14.7384], [-17.3529, 14.7384], [-17.3526, 14.7383], [-17.3519, 14.7381], [-17.3508, 14.7378], [-17.3475, 14.7369], [-17.3459, 14.7366], [-17.3454, 14.7364], [-17.3442, 14.7361], [-17.3435, 14.7359], [-17.3434, 14.7359], [-17.3433, 14.7359], [-17.3432, 14.7359], [-17.343, 14.7359], [-17.3429, 14.7359], [-17.3428, 14.7359], [-17.3427, 14.736], [-17.3425, 14.7361], [-17.3424, 14.7362], [-17.3424, 14.7363], [-17.3423, 14.7364], [-17.3422, 14.7366], [-17.342, 14.7373], [-17.3415, 14.7387], [-17.3414, 14.7391], [-17.3413, 14.7395], [-17.3412, 14.7398]]}}, {"type": "Feature", "properties": {"kind": "rail", "name": "", "ref": ""}, "geometry": {"type": "LineString", "coordinates": [[-14.0849, 13.866], [-14.0847, 13.866]]}}, {"type": "Feature", "properties": {"kind": "rail", "name": "", "ref": ""}, "geometry": {"type": "LineString", "coordinates": [[-14.0847, 13.866], [-14.0842, 13.866], [-14.084, 13.866], [-14.0837, 13.866], [-14.0834, 13.8661], [-14.0831, 13.8661], [-14.0829, 13.8662], [-14.0827, 13.8663], [-14.0819, 13.8667], [-14.0774, 13.8688], [-14.0764, 13.8692], [-14.0744, 13.87], [-14.0731, 13.8702], [-14.0601, 13.8717], [-14.059, 13.8717], [-14.0578, 13.8716], [-14.0566, 13.8712], [-14.0495, 13.8682], [-14.0415, 13.8649], [-14.04, 13.864], [-14.0393, 13.863], [-14.0351, 13.8565], [-14.0332, 13.8536], [-14.0316, 13.852], [-14.0295, 13.851], [-14.0277, 13.8506], [-13.9972, 13.8445], [-13.9898, 13.8431], [-13.9869, 13.8423], [-13.9716, 13.8368], [-13.9624, 13.8334], [-13.9311, 13.822], [-13.927, 13.8204], [-13.9242, 13.8188], [-13.9235, 13.8184], [-13.9219, 13.8175], [-13.9214, 13.8172], [-13.9211, 13.817], [-13.916, 13.8142], [-13.9101, 13.8109]]}}, {"type": "Feature", "properties": {"kind": "rail", "name": "", "ref": ""}, "geometry": {"type": "LineString", "coordinates": [[-12.2189, 14.457], [-12.2193, 14.4569], [-12.2194, 14.4569], [-12.2198, 14.4569], [-12.2202, 14.457], [-12.2204, 14.4571], [-12.2206, 14.4573], [-12.2208, 14.4575], [-12.221, 14.4578], [-12.2212, 14.4581]]}}, {"type": "Feature", "properties": {"kind": "rail", "name": "", "ref": ""}, "geometry": {"type": "LineString", "coordinates": [[-12.2218, 14.4554], [-12.2216, 14.4556], [-12.2214, 14.4557], [-12.2212, 14.456], [-12.221, 14.4562], [-12.2208, 14.4564], [-12.2207, 14.4567], [-12.2207, 14.4569], [-12.2207, 14.4571], [-12.2207, 14.4573], [-12.2208, 14.4575]]}}, {"type": "Feature", "properties": {"kind": "rail", "name": "", "ref": ""}, "geometry": {"type": "LineString", "coordinates": [[-12.2176, 14.4575], [-12.2178, 14.4574], [-12.2182, 14.4573], [-12.2184, 14.4572], [-12.2189, 14.457], [-12.2191, 14.4569], [-12.2198, 14.4565], [-12.2206, 14.456], [-12.2218, 14.4554], [-12.2219, 14.4553], [-12.2222, 14.4551], [-12.2224, 14.455], [-12.2226, 14.4548], [-12.223, 14.4546], [-12.2235, 14.4543], [-12.2237, 14.4541]]}}, {"type": "Feature", "properties": {"kind": "rail", "name": "", "ref": ""}, "geometry": {"type": "LineString", "coordinates": [[-12.2184, 14.4572], [-12.2205, 14.4561], [-12.2224, 14.455]]}}, {"type": "Feature", "properties": {"kind": "rail", "name": "", "ref": ""}, "geometry": {"type": "LineString", "coordinates": [[-12.2182, 14.4573], [-12.2208, 14.4558], [-12.2226, 14.4548]]}}, {"type": "Feature", "properties": {"kind": "rail", "name": "", "ref": ""}, "geometry": {"type": "LineString", "coordinates": [[-12.2177, 14.4574], [-12.218, 14.4572], [-12.2183, 14.457], [-12.2188, 14.4567]]}}, {"type": "Feature", "properties": {"kind": "rail", "name": "", "ref": ""}, "geometry": {"type": "LineString", "coordinates": [[-12.2178, 14.4574], [-12.2182, 14.4572], [-12.2184, 14.4571], [-12.2208, 14.4558], [-12.223, 14.4546]]}}, {"type": "Feature", "properties": {"kind": "rail", "name": "", "ref": ""}, "geometry": {"type": "LineString", "coordinates": [[-12.218, 14.4572], [-12.2201, 14.4561], [-12.2213, 14.4554], [-12.2223, 14.4549], [-12.223, 14.4545], [-12.2237, 14.4541], [-12.224, 14.454]]}}, {"type": "Feature", "properties": {"kind": "rail", "name": "", "ref": ""}, "geometry": {"type": "LineString", "coordinates": [[-16.4596, 14.6952], [-16.4594, 14.6952], [-16.4594, 14.6952], [-16.4593, 14.6952], [-16.4572, 14.6948], [-16.4534, 14.694], [-16.4534, 14.694], [-16.4533, 14.6939], [-16.4531, 14.6939]]}}, {"type": "Feature", "properties": {"kind": "rail", "name": "", "ref": ""}, "geometry": {"type": "LineString", "coordinates": [[-16.4571, 14.6948], [-16.4551, 14.6944], [-16.4542, 14.6942], [-16.4537, 14.6941], [-16.4536, 14.6941], [-16.4535, 14.6941], [-16.4534, 14.694]]}}, {"type": "Feature", "properties": {"kind": "rail", "name": "", "ref": ""}, "geometry": {"type": "LineString", "coordinates": [[-16.1104, 14.7378], [-16.1104, 14.7378], [-16.1105, 14.7378], [-16.1105, 14.7377], [-16.1141, 14.7362], [-16.1141, 14.7362], [-16.1142, 14.7361], [-16.1143, 14.7361]]}}, {"type": "Feature", "properties": {"kind": "rail", "name": "", "ref": ""}, "geometry": {"type": "LineString", "coordinates": [[-16.1155, 14.7356], [-16.1154, 14.7356], [-16.1154, 14.7357], [-16.1153, 14.7357], [-16.1136, 14.7365], [-16.113, 14.7367], [-16.1106, 14.7378], [-16.1105, 14.7378], [-16.1105, 14.7379], [-16.1103, 14.7379]]}}, {"type": "Feature", "properties": {"kind": "rail", "name": "", "ref": ""}, "geometry": {"type": "LineString", "coordinates": [[-15.9142, 14.7998], [-15.9136, 14.7999], [-15.9087, 14.8009]]}}, {"type": "Feature", "properties": {"kind": "rail", "name": "", "ref": ""}, "geometry": {"type": "LineString", "coordinates": [[-15.9142, 14.7998], [-15.9137, 14.7998], [-15.9136, 14.7998], [-15.9131, 14.7999], [-15.9092, 14.8008], [-15.9075, 14.8011], [-15.9072, 14.8012]]}}, {"type": "Feature", "properties": {"kind": "rail", "name": "", "ref": ""}, "geometry": {"type": "LineString", "coordinates": [[-15.9131, 14.7999], [-15.9129, 14.7999], [-15.9129, 14.7999], [-15.9128, 14.7999], [-15.9095, 14.8006], [-15.9088, 14.8008], [-15.9078, 14.801], [-15.9077, 14.801], [-15.9077, 14.801], [-15.9076, 14.8011], [-15.9075, 14.8011]]}}, {"type": "Feature", "properties": {"kind": "rail", "name": "", "ref": ""}, "geometry": {"type": "LineString", "coordinates": [[-16.0676, 14.4956], [-16.0656, 14.4933]]}}, {"type": "Feature", "properties": {"kind": "rail", "name": "", "ref": ""}, "geometry": {"type": "LineString", "coordinates": [[-12.2102, 14.46], [-12.2074, 14.4599]]}}, {"type": "Feature", "properties": {"kind": "rail", "name": "Chemin de fer de Dakar au Niger", "ref": ""}, "geometry": {"type": "LineString", "coordinates": [[-17.0489, 14.7734], [-17.0487, 14.7734]]}}, {"type": "Feature", "properties": {"kind": "rail", "name": "Chemin de fer de Dakar au Niger", "ref": ""}, "geometry": {"type": "LineString", "coordinates": [[-17.0487, 14.7734], [-17.0408, 14.7741], [-17.0396, 14.7743], [-17.0385, 14.7744], [-17.036, 14.7746], [-17.031, 14.7751], [-17.0255, 14.7756], [-17.0226, 14.7759], [-17.021, 14.776], [-17.0201, 14.7761], [-17.0143, 14.7762], [-17.0086, 14.7763], [-17.0021, 14.7765], [-17.0017, 14.7765], [-17.0012, 14.7765], [-17.0005, 14.7766], [-17.0, 14.7767], [-16.999, 14.777], [-16.9978, 14.7774], [-16.9967, 14.7781], [-16.995, 14.7791], [-16.9942, 14.7795], [-16.9935, 14.7799], [-16.9929, 14.7801], [-16.9921, 14.7803], [-16.9911, 14.7806], [-16.9864, 14.7814], [-16.9844, 14.7818], [-16.9838, 14.7819], [-16.9832, 14.7821], [-16.9815, 14.7827], [-16.978, 14.784], [-16.975, 14.7852], [-16.9745, 14.7854], [-16.9738, 14.7856], [-16.9726, 14.7858], [-16.9712, 14.7859], [-16.969, 14.7859], [-16.9657, 14.786], [-16.964, 14.7861], [-16.9631, 14.7862], [-16.9619, 14.7864], [-16.9607, 14.7867], [-16.9606, 14.7867], [-16.9604, 14.7867], [-16.9587, 14.7873], [-16.9577, 14.7877], [-16.9569, 14.788], [-16.9568, 14.788], [-16.9464, 14.7923], [-16.9434, 14.7935], [-16.9429, 14.7937], [-16.9428, 14.7937], [-16.9424, 14.7939], [-16.9412, 14.7944], [-16.9407, 14.7946], [-16.9406, 14.7947], [-16.9401, 14.7949], [-16.9383, 14.7956], [-16.9382, 14.7957], [-16.9378, 14.7958], [-16.9367, 14.7963], [-16.9362, 14.7965], [-16.9354, 14.7967], [-16.9343, 14.7968], [-16.9334, 14.7969], [-16.933, 14.7969], [-16.9329, 14.7969], [-16.932, 14.797], [-16.9293, 14.7973]]}}, {"type": "Feature", "properties": {"kind": "rail", "name": "Chemin de fer de Dakar au Niger", "ref": ""}, "geometry": {"type": "LineString", "coordinates": [[-17.1404, 14.7534], [-17.1402, 14.7535], [-17.1401, 14.7535], [-17.1399, 14.7536], [-17.1398, 14.7536], [-17.1396, 14.7537], [-17.1393, 14.7538], [-17.139, 14.7539], [-17.1384, 14.754], [-17.1304, 14.756], [-17.1304, 14.756], [-17.1301, 14.7561], [-17.1301, 14.7561], [-17.1291, 14.7563], [-17.1264, 14.757], [-17.1258, 14.7571], [-17.1254, 14.7572], [-17.125, 14.7574], [-17.1247, 14.7575], [-17.1243, 14.7576], [-17.1239, 14.7578], [-17.1236, 14.7579], [-17.1231, 14.7582], [-17.1217, 14.7588], [-17.1217, 14.7588], [-17.1217, 14.7588], [-17.1189, 14.7601], [-17.1189, 14.7601], [-17.116, 14.7615], [-17.116, 14.7615], [-17.1132, 14.7627], [-17.1132, 14.7627], [-17.1118, 14.7634], [-17.1118, 14.7634], [-17.1081, 14.7651], [-17.1069, 14.7657], [-17.1066, 14.7658], [-17.1064, 14.7659], [-17.1061, 14.766], [-17.1059, 14.7661], [-17.1056, 14.7661], [-17.1053, 14.7662], [-17.105, 14.7663], [-17.1047, 14.7663], [-17.1044, 14.7664], [-17.1042, 14.7664], [-17.1039, 14.7664], [-17.1031, 14.7664], [-17.1024, 14.7665], [-17.0981, 14.7666], [-17.0958, 14.7666], [-17.0938, 14.7666], [-17.0906, 14.7667], [-17.0879, 14.7668], [-17.0851, 14.7668], [-17.0841, 14.7668], [-17.0838, 14.7669], [-17.0835, 14.7669], [-17.0832, 14.7669], [-17.0802, 14.7674], [-17.0769, 14.7679], [-17.0758, 14.7681]]}}, {"type": "Feature", "properties": {"kind": "rail", "name": "Chemin de fer de Dakar au Niger", "ref": ""}, "geometry": {"type": "LineString", "coordinates": [[-17.1405, 14.7534], [-17.1404, 14.7534]]}}, {"type": "Feature", "properties": {"kind": "rail", "name": "Chemin de fer de Dakar au Niger", "ref": ""}, "geometry": {"type": "LineString", "coordinates": [[-17.1665, 14.7294], [-17.1618, 14.7312], [-17.1604, 14.7317], [-17.1601, 14.7318], [-17.1599, 14.7319], [-17.1595, 14.7321], [-17.1591, 14.7322], [-17.1588, 14.7324], [-17.1584, 14.7327], [-17.158, 14.733], [-17.1577, 14.7331], [-17.1574, 14.7334], [-17.1572, 14.7337], [-17.1564, 14.7345], [-17.1561, 14.7349], [-17.1557, 14.7353], [-17.1555, 14.7356], [-17.1546, 14.7366], [-17.1543, 14.737], [-17.1541, 14.7373], [-17.1538, 14.7376], [-17.1537, 14.7379], [-17.1524, 14.74], [-17.152, 14.7405], [-17.1518, 14.7408], [-17.1516, 14.741], [-17.1514, 14.7413], [-17.1489, 14.7444], [-17.1462, 14.748], [-17.1444, 14.7503], [-17.1439, 14.7509], [-17.1433, 14.7515], [-17.1428, 14.752], [-17.1423, 14.7524], [-17.1419, 14.7527], [-17.1414, 14.7529], [-17.141, 14.7532], [-17.1405, 14.7534]]}}, {"type": "Feature", "properties": {"kind": "rail", "name": "Chemin de fer de Dakar au Niger", "ref": ""}, "geometry": {"type": "LineString", "coordinates": [[-17.1666, 14.7293], [-17.1665, 14.7294]]}}, {"type": "Feature", "properties": {"kind": "rail", "name": "Chemin de fer de Dakar au Niger", "ref": ""}, "geometry": {"type": "LineString", "coordinates": [[-17.1665, 14.7293], [-17.1661, 14.7295], [-17.1618, 14.7311], [-17.1614, 14.7313], [-17.1604, 14.7317], [-17.1601, 14.7318], [-17.1598, 14.7319], [-17.1594, 14.7321], [-17.1591, 14.7322], [-17.1589, 14.7323], [-17.1586, 14.7325], [-17.1583, 14.7327], [-17.1579, 14.7329], [-17.1577, 14.7331], [-17.1573, 14.7335], [-17.157, 14.7338], [-17.1565, 14.7344], [-17.1562, 14.7347], [-17.1558, 14.7352], [-17.1555, 14.7355], [-17.1546, 14.7366], [-17.1543, 14.7369], [-17.1541, 14.7372], [-17.1538, 14.7376], [-17.1537, 14.7379], [-17.1524, 14.74], [-17.1523, 14.74], [-17.152, 14.7404], [-17.1517, 14.7408], [-17.1516, 14.7409], [-17.1514, 14.7413], [-17.1489, 14.7444], [-17.1489, 14.7444], [-17.1465, 14.7474], [-17.1461, 14.748], [-17.1461, 14.7481], [-17.1457, 14.7486], [-17.1443, 14.7503], [-17.1439, 14.7509], [-17.1433, 14.7515], [-17.1428, 14.7519], [-17.1423, 14.7523], [-17.1419, 14.7526], [-17.1414, 14.7529], [-17.141, 14.7531], [-17.1405, 14.7534]]}}, {"type": "Feature", "properties": {"kind": "rail", "name": "Chemin de fer de Dakar au Niger", "ref": ""}, "geometry": {"type": "LineString", "coordinates": [[-17.1666, 14.7293], [-17.1666, 14.7293], [-17.1665, 14.7293]]}}, {"type": "Feature", "properties": {"kind": "rail", "name": "Chemin de fer de Dakar au Niger", "ref": ""}, "geometry": {"type": "LineString", "coordinates": [[-17.2261, 14.6991], [-17.226, 14.6992]]}}, {"type": "Feature", "properties": {"kind": "rail", "name": "Chemin de fer de Dakar au Niger", "ref": ""}, "geometry": {"type": "LineString", "coordinates": [[-17.2454, 14.7023], [-17.2453, 14.7021], [-17.2452, 14.702], [-17.245, 14.7019], [-17.2393, 14.6975], [-17.2392, 14.6973], [-17.239, 14.6972], [-17.2387, 14.697], [-17.2385, 14.6969], [-17.2382, 14.6968], [-17.2379, 14.6966], [-17.2374, 14.6965], [-17.2372, 14.6964], [-17.2369, 14.6963], [-17.2367, 14.6962], [-17.2363, 14.6962], [-17.2361, 14.6962], [-17.2358, 14.6961], [-17.2355, 14.6961], [-17.2352, 14.6961], [-17.2349, 14.6962], [-17.2346, 14.6962], [-17.2343, 14.6963], [-17.2341, 14.6963], [-17.2339, 14.6964], [-17.2336, 14.6965], [-17.2321, 14.697], [-17.2261, 14.6991]]}}, {"type": "Feature", "properties": {"kind": "rail", "name": "Chemin de fer de Dakar au Niger", "ref": ""}, "geometry": {"type": "LineString", "coordinates": [[-17.226, 14.6992], [-17.2215, 14.7007], [-17.2124, 14.7041], [-17.212, 14.7042], [-17.2116, 14.7043], [-17.2114, 14.7045], [-17.2111, 14.7046], [-17.2108, 14.7047], [-17.2106, 14.7048], [-17.2105, 14.7049], [-17.2102, 14.7051], [-17.2099, 14.7052], [-17.2097, 14.7054], [-17.2095, 14.7056], [-17.2092, 14.7058], [-17.209, 14.706], [-17.2085, 14.7064], [-17.2068, 14.708], [-17.2058, 14.709], [-17.2036, 14.711], [-17.2026, 14.7119], [-17.2023, 14.7122], [-17.2015, 14.713], [-17.2004, 14.7139], [-17.1998, 14.7145], [-17.1993, 14.7149], [-17.1989, 14.7153], [-17.1983, 14.7159], [-17.1978, 14.7164], [-17.1968, 14.7172], [-17.1966, 14.7175], [-17.1963, 14.7176], [-17.1961, 14.7178], [-17.1959, 14.718], [-17.1957, 14.7182], [-17.1954, 14.7183], [-17.1952, 14.7184], [-17.1949, 14.7186], [-17.1947, 14.7187], [-17.1945, 14.7188], [-17.1941, 14.719], [-17.1936, 14.7192], [-17.1924, 14.7196], [-17.1891, 14.7209], [-17.1884, 14.7212], [-17.1876, 14.7214], [-17.1868, 14.7217]]}}, {"type": "Feature", "properties": {"kind": "rail", "name": "Chemin de fer de Dakar au Niger", "ref": ""}, "geometry": {"type": "LineString", "coordinates": [[-17.1767, 14.7256], [-17.1765, 14.7256]]}}, {"type": "Feature", "properties": {"kind": "rail", "name": "Chemin de fer de Dakar au Niger", "ref": ""}, "geometry": {"type": "LineString", "coordinates": [[-17.1765, 14.7256], [-17.1758, 14.7259], [-17.1684, 14.7287], [-17.1667, 14.7293], [-17.1666, 14.7293]]}}, {"type": "Feature", "properties": {"kind": "rail", "name": "Chemin de fer de Dakar au Niger", "ref": ""}, "geometry": {"type": "LineString", "coordinates": [[-17.1766, 14.7255], [-17.1765, 14.7256]]}}, {"type": "Feature", "properties": {"kind": "rail", "name": "Chemin de fer de Dakar au Niger", "ref": ""}, "geometry": {"type": "LineString", "coordinates": [[-17.1765, 14.7256], [-17.1758, 14.7258], [-17.1683, 14.7287], [-17.1666, 14.7293]]}}, {"type": "Feature", "properties": {"kind": "rail", "name": "", "ref": ""}, "geometry": {"type": "LineString", "coordinates": [[-17.2534, 14.7075], [-17.2532, 14.7074], [-17.2531, 14.7074], [-17.253, 14.7073], [-17.2529, 14.7073], [-17.2528, 14.7073], [-17.2527, 14.7072], [-17.2526, 14.7072], [-17.2524, 14.7072], [-17.2523, 14.7072], [-17.2518, 14.7072], [-17.2517, 14.7072], [-17.251, 14.7073], [-17.2509, 14.7073], [-17.2509, 14.7073], [-17.2508, 14.7073], [-17.2506, 14.7073]]}}, {"type": "Feature", "properties": {"kind": "rail", "name": "", "ref": ""}, "geometry": {"type": "LineString", "coordinates": [[-17.2504, 14.7072], [-17.2506, 14.7072]]}}, {"type": "Feature", "properties": {"kind": "rail", "name": "", "ref": ""}, "geometry": {"type": "LineString", "coordinates": [[-17.2506, 14.7072], [-17.2506, 14.7073], [-17.2508, 14.7073], [-17.2509, 14.7073], [-17.251, 14.7073], [-17.2517, 14.7073], [-17.2518, 14.7073], [-17.2523, 14.7072], [-17.2524, 14.7072], [-17.2525, 14.7072], [-17.2527, 14.7073], [-17.2528, 14.7073], [-17.2529, 14.7073], [-17.253, 14.7074], [-17.2532, 14.7074], [-17.2534, 14.7075], [-17.2535, 14.7076], [-17.2539, 14.7078], [-17.2542, 14.7079], [-17.2545, 14.7081], [-17.2549, 14.7083]]}}, {"type": "Feature", "properties": {"kind": "rail", "name": "", "ref": ""}, "geometry": {"type": "LineString", "coordinates": [[-17.2699, 14.7156], [-17.2659, 14.7145]]}}, {"type": "Feature", "properties": {"kind": "rail", "name": "", "ref": ""}, "geometry": {"type": "LineString", "coordinates": [[-17.2688, 14.7151], [-17.2682, 14.7149], [-17.268, 14.7149], [-17.2678, 14.7148], [-17.2677, 14.7148], [-17.2675, 14.7148]]}}, {"type": "Feature", "properties": {"kind": "rail", "name": "", "ref": ""}, "geometry": {"type": "LineString", "coordinates": [[-17.2688, 14.7151], [-17.2685, 14.7149], [-17.268, 14.7148], [-17.2675, 14.7146]]}}, {"type": "Feature", "properties": {"kind": "rail", "name": "", "ref": ""}, "geometry": {"type": "LineString", "coordinates": [[-17.2675, 14.7148], [-17.2668, 14.7146]]}}, {"type": "Feature", "properties": {"kind": "rail", "name": "", "ref": ""}, "geometry": {"type": "LineString", "coordinates": [[-17.2668, 14.7146], [-17.2668, 14.7146], [-17.2667, 14.7146], [-17.2666, 14.7146], [-17.2664, 14.7146], [-17.2663, 14.7146], [-17.2661, 14.7146], [-17.2659, 14.7145], [-17.2657, 14.7145], [-17.2655, 14.7144], [-17.2652, 14.7143], [-17.2648, 14.7141], [-17.2642, 14.7138]]}}, {"type": "Feature", "properties": {"kind": "rail", "name": "", "ref": ""}, "geometry": {"type": "LineString", "coordinates": [[-17.27, 14.7155], [-17.2681, 14.7149], [-17.268, 14.7149], [-17.2678, 14.7149], [-17.2677, 14.7148], [-17.2675, 14.7148]]}}, {"type": "Feature", "properties": {"kind": "rail", "name": "", "ref": ""}, "geometry": {"type": "LineString", "coordinates": [[-17.2675, 14.7146], [-17.2669, 14.7144]]}}, {"type": "Feature", "properties": {"kind": "rail", "name": "Chemin de fer de Dakar au Niger", "ref": ""}, "geometry": {"type": "LineString", "coordinates": [[-17.4364, 14.6816], [-17.4368, 14.6824], [-17.4369, 14.6827], [-17.437, 14.6829], [-17.4371, 14.6831], [-17.4372, 14.6833], [-17.4373, 14.6835], [-17.4375, 14.6843], [-17.4378, 14.6851], [-17.4384, 14.6866], [-17.4385, 14.687], [-17.4386, 14.6873], [-17.4387, 14.6875], [-17.4388, 14.6877], [-17.4394, 14.6888], [-17.4397, 14.6893], [-17.44, 14.6899], [-17.4402, 14.6903], [-17.4404, 14.6907], [-17.4407, 14.6913], [-17.4411, 14.692], [-17.4412, 14.6922], [-17.4412, 14.6924], [-17.4414, 14.6926], [-17.4415, 14.6929], [-17.4416, 14.6932], [-17.4417, 14.6935], [-17.4417, 14.6937], [-17.4418, 14.694], [-17.4418, 14.6945], [-17.4419, 14.6948], [-17.4419, 14.6952], [-17.4419, 14.6954], [-17.4419, 14.6958], [-17.4417, 14.6972], [-17.4417, 14.6978], [-17.4416, 14.6983], [-17.4416, 14.6987], [-17.4415, 14.7], [-17.4415, 14.7006], [-17.4415, 14.7014], [-17.4415, 14.7017], [-17.4415, 14.7021], [-17.4415, 14.703], [-17.4414, 14.704], [-17.4413, 14.7055], [-17.441, 14.7108], [-17.4409, 14.7112], [-17.4409, 14.7114], [-17.4409, 14.7117], [-17.4408, 14.7119], [-17.4407, 14.7122], [-17.4406, 14.7125], [-17.4405, 14.7127], [-17.4404, 14.7128], [-17.4402, 14.7131], [-17.4401, 14.7134], [-17.4399, 14.7136], [-17.4398, 14.7138], [-17.4396, 14.7139], [-17.4395, 14.7141], [-17.4393, 14.7142], [-17.4392, 14.7143], [-17.4389, 14.7145], [-17.4387, 14.7147], [-17.4386, 14.7148], [-17.4384, 14.7149], [-17.4382, 14.715], [-17.438, 14.7151], [-17.4377, 14.7152], [-17.437, 14.7155], [-17.4364, 14.7157], [-17.4357, 14.7159], [-17.4354, 14.7161], [-17.4351, 14.7163], [-17.4348, 14.7166], [-17.4347, 14.7167], [-17.4346, 14.7169], [-17.4344, 14.7171], [-17.4341, 14.7176], [-17.4327, 14.7205], [-17.4323, 14.7214], [-17.432, 14.722], [-17.4316, 14.7227], [-17.4297, 14.7266], [-17.4295, 14.7268], [-17.4294, 14.7271], [-17.4292, 14.7273], [-17.4289, 14.7277], [-17.4287, 14.7279], [-17.4286, 14.728], [-17.4284, 14.7282], [-17.4283, 14.7283], [-17.4281, 14.7285], [-17.4279, 14.7286], [-17.4277, 14.7288], [-17.4275, 14.7289], [-17.4273, 14.729], [-17.4272, 14.7292], [-17.4182, 14.7346], [-17.4171, 14.7353], [-17.4168, 14.7355], [-17.4156, 14.7363], [-17.4144, 14.737], [-17.4137, 14.7374], [-17.4135, 14.7376], [-17.4134, 14.7376], [-17.4131, 14.7377], [-17.413, 14.7378], [-17.4128, 14.7379], [-17.4126, 14.7379], [-17.4125, 14.738], [-17.4122, 14.7381], [-17.4118, 14.7381], [-17.4043, 14.7395], [-17.4035, 14.7396]]}}, {"type": "Feature", "properties": {"kind": "rail", "name": "Chemin de fer de Dakar au Niger", "ref": ""}, "geometry": {"type": "LineString", "coordinates": [[-17.4035, 14.7396], [-17.4016, 14.74]]}}, {"type": "Feature", "properties": {"kind": "rail", "name": "Chemin de fer de Dakar au Niger", "ref": ""}, "geometry": {"type": "LineString", "coordinates": [[-17.4016, 14.74], [-17.4012, 14.74], [-17.401, 14.7401], [-17.4007, 14.7402], [-17.4005, 14.7403], [-17.4002, 14.7404], [-17.4001, 14.7405], [-17.3998, 14.7406], [-17.3996, 14.7408], [-17.3994, 14.7409], [-17.3991, 14.7412], [-17.3986, 14.7416], [-17.3983, 14.7418], [-17.3981, 14.742], [-17.3979, 14.7423], [-17.3978, 14.7424], [-17.3976, 14.7427]]}}, {"type": "Feature", "properties": {"kind": "rail", "name": "", "ref": ""}, "geometry": {"type": "LineString", "coordinates": [[-17.4343, 14.7097], [-17.4342, 14.7095], [-17.434, 14.7093], [-17.433, 14.708], [-17.4271, 14.701]]}}, {"type": "Feature", "properties": {"kind": "rail", "name": "", "ref": ""}, "geometry": {"type": "LineString", "coordinates": [[-17.4259, 14.6958], [-17.4259, 14.6956], [-17.4259, 14.6953], [-17.4259, 14.695], [-17.4259, 14.6946], [-17.4259, 14.6945], [-17.4259, 14.6944], [-17.4259, 14.6944], [-17.426, 14.6943], [-17.4267, 14.6922], [-17.4267, 14.692], [-17.4268, 14.6919], [-17.4268, 14.6919], [-17.4268, 14.6916], [-17.4268, 14.6915], [-17.4269, 14.6914], [-17.4269, 14.6911], [-17.4269, 14.691], [-17.4268, 14.6909], [-17.4268, 14.6907], [-17.4268, 14.6905], [-17.4267, 14.6904], [-17.4267, 14.6903], [-17.4266, 14.6902], [-17.4266, 14.6902], [-17.4265, 14.69], [-17.4264, 14.6898]]}}, {"type": "Feature", "properties": {"kind": "rail", "name": "", "ref": ""}, "geometry": {"type": "LineString", "coordinates": [[-17.4267, 14.6901], [-17.4264, 14.6898]]}}, {"type": "Feature", "properties": {"kind": "rail", "name": "", "ref": ""}, "geometry": {"type": "LineString", "coordinates": [[-17.4268, 14.6903], [-17.4268, 14.6903], [-17.4267, 14.6901], [-17.4267, 14.69], [-17.4266, 14.6899], [-17.4265, 14.6897], [-17.4264, 14.6896], [-17.4264, 14.6895], [-17.4263, 14.6894], [-17.4252, 14.6884], [-17.4232, 14.6868], [-17.4229, 14.6866], [-17.4215, 14.6853], [-17.4204, 14.6845]]}}, {"type": "Feature", "properties": {"kind": "rail", "name": "", "ref": ""}, "geometry": {"type": "LineString", "coordinates": [[-17.4263, 14.6896], [-17.4246, 14.6882]]}}, {"type": "Feature", "properties": {"kind": "rail", "name": "", "ref": ""}, "geometry": {"type": "LineString", "coordinates": [[-17.4246, 14.6882], [-17.4264, 14.6898]]}}, {"type": "Feature", "properties": {"kind": "rail", "name": "", "ref": ""}, "geometry": {"type": "LineString", "coordinates": [[-17.4255, 14.6887], [-17.4241, 14.6875], [-17.424, 14.6874], [-17.424, 14.6873], [-17.4239, 14.6873], [-17.4239, 14.6871], [-17.4238, 14.6869], [-17.4238, 14.6869], [-17.4238, 14.6868], [-17.4238, 14.6867], [-17.4238, 14.6866], [-17.4238, 14.6865], [-17.4239, 14.6864], [-17.424, 14.6861]]}}, {"type": "Feature", "properties": {"kind": "rail", "name": "", "ref": ""}, "geometry": {"type": "LineString", "coordinates": [[-17.424, 14.6861], [-17.4248, 14.6838]]}}, {"type": "Feature", "properties": {"kind": "rail", "name": "", "ref": ""}, "geometry": {"type": "LineString", "coordinates": [[-17.4252, 14.684], [-17.4249, 14.6847], [-17.4249, 14.6848], [-17.4249, 14.6849], [-17.4248, 14.685], [-17.4247, 14.6851], [-17.4242, 14.6857], [-17.4241, 14.6859], [-17.424, 14.6859], [-17.424, 14.686], [-17.424, 14.6861]]}}, {"type": "Feature", "properties": {"kind": "rail", "name": "", "ref": ""}, "geometry": {"type": "LineString", "coordinates": [[-16.2282, 14.6612], [-16.2292, 14.6608], [-16.2346, 14.6589], [-16.2356, 14.6586]]}}, {"type": "Feature", "properties": {"kind": "rail", "name": "", "ref": ""}, "geometry": {"type": "LineString", "coordinates": [[-16.2292, 14.6608], [-16.2302, 14.6606], [-16.2306, 14.6605], [-16.2338, 14.6594], [-16.2342, 14.6591], [-16.2346, 14.6589]]}}, {"type": "Feature", "properties": {"kind": "rail", "name": "Chemin de fer de Dakar au Niger", "ref": ""}, "geometry": {"type": "LineString", "coordinates": [[-17.0489, 14.7734], [-17.0487, 14.7734]]}}, {"type": "Feature", "properties": {"kind": "rail", "name": "Chemin de fer de Dakar au Niger", "ref": ""}, "geometry": {"type": "LineString", "coordinates": [[-17.0487, 14.7734], [-17.0421, 14.774], [-17.0396, 14.7742], [-17.036, 14.7746], [-17.031, 14.775], [-17.0254, 14.7756], [-17.0244, 14.7757]]}}, {"type": "Feature", "properties": {"kind": "rail", "name": "", "ref": ""}, "geometry": {"type": "LineString", "coordinates": [[-16.9993, 14.7689], [-16.9996, 14.7687], [-16.9999, 14.7686], [-17.0001, 14.7685], [-17.0004, 14.7685], [-17.0006, 14.7685], [-17.0008, 14.7685], [-17.001, 14.7685], [-17.0012, 14.7686], [-17.0014, 14.7687], [-17.0024, 14.7693], [-17.0025, 14.7694], [-17.0027, 14.7696], [-17.0028, 14.7698]]}}, {"type": "Feature", "properties": {"kind": "rail", "name": "", "ref": ""}, "geometry": {"type": "LineString", "coordinates": [[-17.0244, 14.7757], [-17.0241, 14.7757], [-17.0237, 14.7756], [-17.0234, 14.7756], [-17.0229, 14.7757], [-17.0209, 14.7759], [-17.0201, 14.7759], [-17.0086, 14.7762], [-17.0054, 14.7763], [-17.0049, 14.7763], [-17.0046, 14.7763], [-17.0044, 14.7762], [-17.0042, 14.7762], [-17.004, 14.7761], [-17.0038, 14.7759], [-17.0036, 14.7758], [-17.0035, 14.7757], [-17.0034, 14.7756], [-17.0033, 14.7754], [-17.0032, 14.7752], [-17.0031, 14.775], [-17.003, 14.7748], [-17.003, 14.7746], [-17.003, 14.7745], [-17.0029, 14.7703], [-17.0029, 14.7701], [-17.0029, 14.77], [-17.0028, 14.7698], [-17.0027, 14.7696], [-17.0026, 14.7694], [-17.0024, 14.7693], [-17.0021, 14.7691], [-17.0014, 14.7687], [-17.0012, 14.7686], [-17.001, 14.7685], [-17.0008, 14.7685], [-17.0006, 14.7684], [-17.0003, 14.7685], [-17.0001, 14.7685], [-16.9999, 14.7686], [-16.9996, 14.7687], [-16.9993, 14.7689]]}}, {"type": "Feature", "properties": {"kind": "rail", "name": "Chemin de fer de Dakar au Niger", "ref": ""}, "geometry": {"type": "LineString", "coordinates": [[-17.0244, 14.7757], [-17.0225, 14.7758], [-17.021, 14.776], [-17.0201, 14.776], [-17.0143, 14.7762], [-17.0021, 14.7765], [-17.0017, 14.7765], [-17.0012, 14.7765], [-17.0005, 14.7766], [-17.0, 14.7767], [-16.9989, 14.7769], [-16.9977, 14.7774], [-16.9966, 14.778], [-16.9942, 14.7795]]}}, {"type": "Feature", "properties": {"kind": "rail", "name": "", "ref": ""}, "geometry": {"type": "LineString", "coordinates": [[-16.9993, 14.769], [-16.9997, 14.7687], [-16.9999, 14.7686], [-17.0001, 14.7686], [-17.0004, 14.7685], [-17.0006, 14.7685], [-17.0008, 14.7685], [-17.001, 14.7686], [-17.0012, 14.7687], [-17.0014, 14.7688], [-17.0022, 14.7692], [-17.0024, 14.7693], [-17.0025, 14.7695], [-17.0027, 14.7696]]}}, {"type": "Feature", "properties": {"kind": "rail", "name": "", "ref": ""}, "geometry": {"type": "LineString", "coordinates": [[-16.7629, 15.2645], [-16.7638, 15.2626], [-16.7639, 15.2624], [-16.7643, 15.2614], [-16.7646, 15.2605], [-16.765, 15.2597], [-16.7651, 15.2594], [-16.7652, 15.259], [-16.7653, 15.2587]]}}, {"type": "Feature", "properties": {"kind": "rail", "name": "", "ref": ""}, "geometry": {"type": "LineString", "coordinates": [[-16.7652, 15.259], [-16.7641, 15.2617], [-16.7639, 15.262], [-16.7639, 15.2622], [-16.7639, 15.2624]]}}, {"type": "Feature", "properties": {"kind": "rail", "name": "", "ref": ""}, "geometry": {"type": "LineString", "coordinates": [[-16.7653, 15.2587], [-16.7656, 15.2581], [-16.7657, 15.2578], [-16.7657, 15.2575], [-16.7657, 15.2572], [-16.7657, 15.2569], [-16.7655, 15.2567], [-16.7654, 15.2564], [-16.7651, 15.2562], [-16.7648, 15.256], [-16.7637, 15.2555], [-16.7612, 15.2542], [-16.7611, 15.2541], [-16.7589, 15.253], [-16.7584, 15.2528], [-16.758, 15.2527], [-16.7571, 15.2526], [-16.7555, 15.2524], [-16.7547, 15.2523], [-16.7541, 15.2522], [-16.7534, 15.2519], [-16.7529, 15.2517], [-16.7524, 15.2513], [-16.7519, 15.2508], [-16.7515, 15.2503], [-16.7512, 15.2496], [-16.7502, 15.2468], [-16.7493, 15.2446], [-16.7487, 15.243], [-16.7485, 15.2424], [-16.7481, 15.2419], [-16.7476, 15.2414], [-16.7472, 15.241], [-16.7468, 15.2408], [-16.7462, 15.2405], [-16.7455, 15.2403], [-16.7398, 15.2385], [-16.7378, 15.2379], [-16.7341, 15.2368], [-16.7312, 15.2359], [-16.7267, 15.2345], [-16.7254, 15.2341], [-16.7247, 15.2338], [-16.7241, 15.2334], [-16.7235, 15.2329], [-16.7213, 15.2308], [-16.7188, 15.2285], [-16.7168, 15.2267], [-16.7164, 15.2263], [-16.716, 15.2258], [-16.7152, 15.2246], [-16.7127, 15.2212], [-16.7118, 15.22], [-16.7115, 15.2197], [-16.711, 15.2191], [-16.711, 15.2191], [-16.71, 15.2183], [-16.7077, 15.2163], [-16.7073, 15.2159], [-16.7064, 15.2149], [-16.7051, 15.2134], [-16.7037, 15.2117], [-16.7034, 15.2115], [-16.703, 15.2112], [-16.7019, 15.2103], [-16.7016, 15.21], [-16.7013, 15.2097], [-16.7011, 15.2093], [-16.7008, 15.2088], [-16.6996, 15.2062], [-16.6994, 15.2058], [-16.6991, 15.2053], [-16.6989, 15.205], [-16.6984, 15.2046], [-16.6966, 15.2028], [-16.695, 15.2013], [-16.6948, 15.201], [-16.6945, 15.2006], [-16.6942, 15.2], [-16.6935, 15.1983], [-16.6927, 15.1964], [-16.6927, 15.1963], [-16.6916, 15.1936], [-16.6913, 15.1931], [-16.6911, 15.1927], [-16.6907, 15.1923], [-16.6902, 15.1918], [-16.6889, 15.1911], [-16.6872, 15.1901], [-16.6867, 15.1897], [-16.6863, 15.1894], [-16.686, 15.189], [-16.6857, 15.1887], [-16.6854, 15.188], [-16.6846, 15.1865], [-16.6834, 15.1841], [-16.6818, 15.181], [-16.6802, 15.1779], [-16.6784, 15.1742], [-16.6767, 15.1711], [-16.6766, 15.1709], [-16.676, 15.1698], [-16.6752, 15.1683], [-16.6747, 15.1674], [-16.6744, 15.1667], [-16.6739, 15.1657], [-16.6729, 15.1636], [-16.6711, 15.1597], [-16.6706, 15.1586], [-16.6698, 15.1572], [-16.6681, 15.1541], [-16.6675, 15.1529], [-16.6668, 15.1517], [-16.6661, 15.1503], [-16.6658, 15.1499], [-16.6655, 15.1494], [-16.665, 15.1489], [-16.6646, 15.1486], [-16.6642, 15.1484], [-16.659, 15.1458], [-16.6533, 15.143], [-16.6514, 15.1421], [-16.6491, 15.141], [-16.6485, 15.1407], [-16.6452, 15.1391], [-16.64, 15.1366], [-16.6363, 15.1348], [-16.6359, 15.1346], [-16.6343, 15.1338], [-16.6338, 15.1335], [-16.6333, 15.1332], [-16.6322, 15.1323], [-16.6309, 15.1312], [-16.6304, 15.1308], [-16.6294, 15.13], [-16.629, 15.1296], [-16.6286, 15.1292], [-16.6283, 15.1287], [-16.628, 15.128], [-16.6278, 15.1274], [-16.6277, 15.1267], [-16.6277, 15.1261], [-16.6278, 15.1255], [-16.6279, 15.1249]]}}, {"type": "Feature", "properties": {"kind": "rail", "name": "", "ref": ""}, "geometry": {"type": "LineString", "coordinates": [[-16.7637, 15.2555], [-16.7634, 15.2554], [-16.763, 15.2554], [-16.7628, 15.2554], [-16.7624, 15.2555], [-16.7622, 15.2557], [-16.7619, 15.2559], [-16.7617, 15.2562]]}}, {"type": "Feature", "properties": {"kind": "rail", "name": "", "ref": ""}, "geometry": {"type": "LineString", "coordinates": [[-16.7617, 15.2562], [-16.7618, 15.2558], [-16.7618, 15.2555], [-16.7618, 15.2553], [-16.7618, 15.255], [-16.7617, 15.2547], [-16.7615, 15.2545], [-16.7612, 15.2542]]}}, {"type": "Feature", "properties": {"kind": "rail", "name": "", "ref": ""}, "geometry": {"type": "LineString", "coordinates": [[-16.6279, 15.1249], [-16.6287, 15.1231], [-16.6301, 15.1197], [-16.6316, 15.1163], [-16.6319, 15.1156], [-16.6321, 15.1152], [-16.6324, 15.1145], [-16.6326, 15.1139], [-16.6327, 15.1138], [-16.6328, 15.1136], [-16.6338, 15.1112], [-16.6339, 15.111], [-16.634, 15.1109], [-16.6341, 15.1106], [-16.6342, 15.1104], [-16.6345, 15.11], [-16.6346, 15.1098], [-16.6346, 15.1098], [-16.6347, 15.1096], [-16.6349, 15.1094], [-16.6356, 15.1088], [-16.6359, 15.1084], [-16.6366, 15.1079], [-16.6386, 15.1064], [-16.6402, 15.1055], [-16.6446, 15.1023], [-16.6454, 15.1018], [-16.6472, 15.1005], [-16.6476, 15.1003], [-16.6479, 15.1001], [-16.6484, 15.0997], [-16.6488, 15.0993], [-16.6492, 15.099], [-16.6496, 15.0986], [-16.6501, 15.0981], [-16.6507, 15.0975], [-16.6561, 15.0917], [-16.6577, 15.09], [-16.6605, 15.0869], [-16.664, 15.0831], [-16.6642, 15.083], [-16.6653, 15.0818], [-16.6654, 15.0816], [-16.6672, 15.0797], [-16.6674, 15.0794], [-16.6677, 15.0791], [-16.6679, 15.0788], [-16.6681, 15.0785], [-16.6683, 15.0782], [-16.6686, 15.0777], [-16.6701, 15.0744], [-16.6728, 15.0689], [-16.673, 15.0686], [-16.6731, 15.0683], [-16.6733, 15.0681], [-16.6756, 15.065], [-16.6764, 15.0639], [-16.6767, 15.0635], [-16.6772, 15.063], [-16.6778, 15.0623], [-16.6784, 15.0618], [-16.6801, 15.0604], [-16.6804, 15.0602], [-16.6806, 15.06], [-16.6813, 15.0593], [-16.6815, 15.0591], [-16.6818, 15.0589], [-16.682, 15.0585], [-16.6822, 15.0582], [-16.6845, 15.0544], [-16.6849, 15.0538], [-16.6852, 15.0535], [-16.6854, 15.0532], [-16.6857, 15.0529], [-16.686, 15.0525], [-16.6863, 15.0522], [-16.6866, 15.0519], [-16.687, 15.0516], [-16.691, 15.0487], [-16.6977, 15.0438], [-16.6987, 15.043], [-16.7035, 15.0395], [-16.7062, 15.0376], [-16.7131, 15.0324], [-16.7166, 15.0299], [-16.723, 15.0252], [-16.7299, 15.0202], [-16.731, 15.0194], [-16.7314, 15.0191], [-16.7318, 15.0188], [-16.7321, 15.0185], [-16.7324, 15.0181], [-16.7327, 15.0178], [-16.733, 15.0174], [-16.7332, 15.0171], [-16.7334, 15.0167], [-16.7337, 15.0163], [-16.7344, 15.0146], [-16.7353, 15.0129], [-16.7359, 15.0116], [-16.7367, 15.0101], [-16.7369, 15.0099], [-16.737, 15.0097], [-16.7373, 15.0093], [-16.7377, 15.0087], [-16.7381, 15.0082], [-16.74, 15.0055], [-16.7414, 15.0036], [-16.7461, 14.997], [-16.7464, 14.9964], [-16.7494, 14.9927], [-16.7544, 14.9867], [-16.7567, 14.9838], [-16.7584, 14.9818], [-16.7587, 14.9814], [-16.7589, 14.9811], [-16.7591, 14.9808], [-16.7592, 14.9806], [-16.7593, 14.9803], [-16.7598, 14.9786], [-16.76, 14.9782], [-16.7601, 14.978], [-16.7602, 14.9777], [-16.7603, 14.9775], [-16.7605, 14.9773], [-16.7616, 14.9761], [-16.7618, 14.9759], [-16.762, 14.9757], [-16.7623, 14.9755], [-16.7626, 14.9754], [-16.7628, 14.9753], [-16.763, 14.9753], [-16.7632, 14.9752]]}}, {"type": "Feature", "properties": {"kind": "rail", "name": "", "ref": ""}, "geometry": {"type": "LineString", "coordinates": [[-16.6326, 15.1139], [-16.6325, 15.1142], [-16.6324, 15.1142], [-16.6323, 15.1144], [-16.6323, 15.1145], [-16.632, 15.1147], [-16.632, 15.1148], [-16.6319, 15.1149], [-16.6317, 15.1153]]}}, {"type": "Feature", "properties": {"kind": "rail", "name": "", "ref": ""}, "geometry": {"type": "LineString", "coordinates": [[-16.6318, 15.1153], [-16.6321, 15.1148], [-16.6322, 15.1146], [-16.6323, 15.1145]]}}, {"type": "Feature", "properties": {"kind": "rail", "name": "", "ref": ""}, "geometry": {"type": "LineString", "coordinates": [[-16.6318, 15.1153], [-16.632, 15.1149], [-16.632, 15.1148], [-16.6322, 15.1146]]}}, {"type": "Feature", "properties": {"kind": "rail", "name": "", "ref": ""}, "geometry": {"type": "LineString", "coordinates": [[-16.6324, 15.1142], [-16.6322, 15.1148], [-16.6321, 15.115], [-16.6321, 15.1152]]}}, {"type": "Feature", "properties": {"kind": "rail", "name": "", "ref": ""}, "geometry": {"type": "LineString", "coordinates": [[-16.6339, 15.111], [-16.6337, 15.1115], [-16.6333, 15.1126], [-16.6326, 15.1141], [-16.6322, 15.1151], [-16.632, 15.1155]]}}, {"type": "Feature", "properties": {"kind": "rail", "name": "Chemin de fer de Dakar au Niger", "ref": ""}, "geometry": {"type": "LineString", "coordinates": [[-16.9293, 14.7973], [-16.9281, 14.7974], [-16.9273, 14.7975], [-16.9259, 14.7977], [-16.9256, 14.7977]]}}, {"type": "Feature", "properties": {"kind": "rail", "name": "", "ref": ""}, "geometry": {"type": "LineString", "coordinates": [[-16.7617, 15.2562], [-16.7614, 15.2567]]}}, {"type": "Feature", "properties": {"kind": "rail", "name": "TER Dakar-AIBD", "ref": ""}, "geometry": {"type": "LineString", "coordinates": [[-17.4414, 14.7061], [-17.4413, 14.7055], [-17.4413, 14.7051], [-17.4413, 14.7048], [-17.4413, 14.7045], [-17.4414, 14.7039], [-17.4414, 14.7035], [-17.4414, 14.7029], [-17.4413, 14.7026], [-17.4413, 14.7023], [-17.4413, 14.702], [-17.4413, 14.7019], [-17.4412, 14.7018], [-17.4412, 14.7017], [-17.4412, 14.7015], [-17.4411, 14.7013], [-17.4411, 14.7012], [-17.4411, 14.7009], [-17.441, 14.7008], [-17.441, 14.7008], [-17.441, 14.7006], [-17.4409, 14.7004], [-17.4408, 14.7002], [-17.4406, 14.6998], [-17.4405, 14.6996], [-17.4404, 14.6994]]}}, {"type": "Feature", "properties": {"kind": "rail", "name": "TER Dakar-AIBD", "ref": ""}, "geometry": {"type": "LineString", "coordinates": [[-17.4409, 14.7004], [-17.4407, 14.7002], [-17.4407, 14.7001], [-17.4406, 14.7001], [-17.4405, 14.6999], [-17.4402, 14.6997]]}}, {"type": "Feature", "properties": {"kind": "rail", "name": "", "ref": ""}, "geometry": {"type": "LineString", "coordinates": [[-17.4409, 14.6994], [-17.4409, 14.6998], [-17.4409, 14.6999], [-17.4409, 14.7001], [-17.441, 14.7008]]}}, {"type": "Feature", "properties": {"kind": "rail", "name": "TER Dakar-AIBD", "ref": ""}, "geometry": {"type": "LineString", "coordinates": [[-17.441, 14.7006], [-17.4409, 14.7003], [-17.4408, 14.7002], [-17.4407, 14.6999], [-17.4407, 14.6997], [-17.4405, 14.6993]]}}, {"type": "Feature", "properties": {"kind": "rail", "name": "TER Dakar-AIBD", "ref": ""}, "geometry": {"type": "LineString", "coordinates": [[-17.4414, 14.6987], [-17.4414, 14.6989], [-17.4414, 14.6991], [-17.4413, 14.6995], [-17.4413, 14.6998], [-17.4412, 14.7008], [-17.4412, 14.7012], [-17.4412, 14.7014], [-17.4412, 14.7017]]}}, {"type": "Feature", "properties": {"kind": "rail", "name": "Chemin de fer de Dakar au Niger", "ref": ""}, "geometry": {"type": "LineString", "coordinates": [[-16.8445, 15.1023], [-16.847, 15.098], [-16.8486, 15.0954], [-16.8487, 15.0951], [-16.8489, 15.0948], [-16.849, 15.0946], [-16.8491, 15.0943], [-16.8492, 15.094], [-16.8492, 15.0938], [-16.8492, 15.0936], [-16.8492, 15.0933], [-16.8492, 15.0931], [-16.8492, 15.093], [-16.8493, 15.0927], [-16.8493, 15.0925], [-16.8495, 15.0921]]}}, {"type": "Feature", "properties": {"kind": "rail", "name": "TER Dakar-AIBD", "ref": ""}, "geometry": {"type": "LineString", "coordinates": [[-17.2261, 14.6993], [-17.2292, 14.6982], [-17.2299, 14.6979], [-17.2329, 14.6969], [-17.2336, 14.6966], [-17.234, 14.6965], [-17.2344, 14.6964], [-17.2348, 14.6963], [-17.2352, 14.6963], [-17.2356, 14.6963], [-17.236, 14.6963], [-17.2363, 14.6963], [-17.2366, 14.6964], [-17.237, 14.6965], [-17.2374, 14.6966], [-17.2377, 14.6967], [-17.238, 14.6968], [-17.2383, 14.697], [-17.2387, 14.6972], [-17.239, 14.6974], [-17.2395, 14.6978], [-17.2453, 14.7023], [-17.2464, 14.7031], [-17.247, 14.7036], [-17.2477, 14.704], [-17.2483, 14.7044], [-17.2492, 14.7049], [-17.2542, 14.7079], [-17.264, 14.7138], [-17.2643, 14.714], [-17.265, 14.7144], [-17.2655, 14.7147], [-17.2661, 14.715], [-17.2665, 14.7151], [-17.2674, 14.7154]]}}, {"type": "Feature", "properties": {"kind": "rail", "name": "TER Dakar-AIBD", "ref": ""}, "geometry": {"type": "LineString", "coordinates": [[-17.2736, 14.7175], [-17.2742, 14.7178], [-17.2745, 14.718]]}}, {"type": "Feature", "properties": {"kind": "rail", "name": "TER Dakar-AIBD", "ref": ""}, "geometry": {"type": "LineString", "coordinates": [[-17.4353, 14.6794], [-17.4352, 14.6789], [-17.435, 14.6787], [-17.4349, 14.6784], [-17.4338, 14.6763], [-17.4336, 14.676]]}}, {"type": "Feature", "properties": {"kind": "rail", "name": "TER Dakar-AIBD", "ref": ""}, "geometry": {"type": "LineString", "coordinates": [[-17.4334, 14.6761], [-17.4336, 14.6764], [-17.4344, 14.6779], [-17.4348, 14.6787], [-17.4349, 14.6789], [-17.435, 14.679], [-17.4354, 14.6796]]}}, {"type": "Feature", "properties": {"kind": "rail", "name": "TER Dakar-AIBD", "ref": ""}, "geometry": {"type": "LineString", "coordinates": [[-17.274, 14.7176], [-17.2736, 14.7175]]}}, {"type": "Feature", "properties": {"kind": "rail", "name": "TER Dakar-AIBD", "ref": ""}, "geometry": {"type": "LineString", "coordinates": [[-17.2674, 14.7154], [-17.2684, 14.7156], [-17.27, 14.716], [-17.271, 14.7163], [-17.2715, 14.7164], [-17.272, 14.7166], [-17.2724, 14.7168], [-17.2729, 14.7171]]}}, {"type": "Feature", "properties": {"kind": "rail", "name": "", "ref": ""}, "geometry": {"type": "LineString", "coordinates": [[-17.264, 14.7141], [-17.263, 14.7135], [-17.2628, 14.7134], [-17.2626, 14.7133]]}}, {"type": "Feature", "properties": {"kind": "rail", "name": "", "ref": ""}, "geometry": {"type": "LineString", "coordinates": [[-17.2621, 14.7129], [-17.2626, 14.7132], [-17.2628, 14.7133], [-17.264, 14.714]]}}, {"type": "Feature", "properties": {"kind": "rail", "name": "", "ref": ""}, "geometry": {"type": "LineString", "coordinates": [[-17.264, 14.7141], [-17.2629, 14.7135], [-17.2626, 14.7133], [-17.2621, 14.7129], [-17.2619, 14.7128], [-17.2617, 14.7126]]}}, {"type": "Feature", "properties": {"kind": "rail", "name": "", "ref": ""}, "geometry": {"type": "LineString", "coordinates": [[-17.264, 14.714], [-17.2628, 14.7133], [-17.2626, 14.7132], [-17.2619, 14.7128]]}}, {"type": "Feature", "properties": {"kind": "rail", "name": "TER Dakar-AIBD", "ref": ""}, "geometry": {"type": "LineString", "coordinates": [[-17.2631, 14.7134], [-17.264, 14.7138], [-17.2643, 14.714]]}}, {"type": "Feature", "properties": {"kind": "rail", "name": "", "ref": ""}, "geometry": {"type": "LineString", "coordinates": [[-17.2641, 14.714], [-17.2631, 14.7134], [-17.2629, 14.7133]]}}, {"type": "Feature", "properties": {"kind": "rail", "name": "", "ref": ""}, "geometry": {"type": "LineString", "coordinates": [[-17.258, 14.7103], [-17.2592, 14.711], [-17.2629, 14.7133]]}}, {"type": "Feature", "properties": {"kind": "rail", "name": "", "ref": ""}, "geometry": {"type": "LineString", "coordinates": [[-17.2592, 14.711], [-17.2595, 14.7112], [-17.2617, 14.7126], [-17.2626, 14.7131], [-17.2629, 14.7133]]}}, {"type": "Feature", "properties": {"kind": "rail", "name": "TER Dakar-AIBD", "ref": ""}, "geometry": {"type": "LineString", "coordinates": [[-17.2261, 14.6993], [-17.2292, 14.6982], [-17.2299, 14.6979], [-17.2329, 14.6968], [-17.2337, 14.6966], [-17.234, 14.6965], [-17.2344, 14.6964], [-17.2348, 14.6963], [-17.2352, 14.6963], [-17.2356, 14.6963], [-17.236, 14.6963], [-17.2363, 14.6963], [-17.2367, 14.6964], [-17.237, 14.6964], [-17.2374, 14.6965], [-17.2377, 14.6967], [-17.238, 14.6968], [-17.2384, 14.697], [-17.2387, 14.6971], [-17.239, 14.6973], [-17.2395, 14.6978], [-17.2454, 14.7023], [-17.2464, 14.7031], [-17.247, 14.7036], [-17.2477, 14.704], [-17.2483, 14.7044], [-17.2492, 14.7049], [-17.2545, 14.7081], [-17.2643, 14.714], [-17.2651, 14.7144], [-17.2653, 14.7145], [-17.2655, 14.7146], [-17.2658, 14.7148], [-17.2662, 14.7149], [-17.2676, 14.7153], [-17.27, 14.716], [-17.271, 14.7162], [-17.2716, 14.7164], [-17.2719, 14.7165], [-17.2721, 14.7166], [-17.2724, 14.7168], [-17.273, 14.7171]]}}, {"type": "Feature", "properties": {"kind": "rail", "name": "TER Dakar-AIBD", "ref": ""}, "geometry": {"type": "LineString", "coordinates": [[-17.4411, 14.6983], [-17.441, 14.6998], [-17.441, 14.7001], [-17.441, 14.7005], [-17.441, 14.7007], [-17.4411, 14.7009]]}}, {"type": "Feature", "properties": {"kind": "rail", "name": "TER Dakar-AIBD", "ref": ""}, "geometry": {"type": "LineString", "coordinates": [[-17.4411, 14.7012], [-17.4411, 14.7008], [-17.4412, 14.6998], [-17.4412, 14.6996], [-17.4412, 14.6994], [-17.4413, 14.6992]]}}, {"type": "Feature", "properties": {"kind": "rail", "name": "TER Dakar-AIBD", "ref": ""}, "geometry": {"type": "LineString", "coordinates": [[-17.4415, 14.6984], [-17.4415, 14.6987], [-17.4414, 14.6993], [-17.4413, 14.7001], [-17.4412, 14.7014], [-17.4412, 14.7015], [-17.4413, 14.7017], [-17.4413, 14.702]]}}, {"type": "Feature", "properties": {"kind": "rail", "name": "TER Dakar-AIBD", "ref": ""}, "geometry": {"type": "LineString", "coordinates": [[-17.4413, 14.7023], [-17.4413, 14.7021], [-17.4413, 14.7019], [-17.4413, 14.7016], [-17.4414, 14.6993], [-17.4415, 14.6987], [-17.4415, 14.6983], [-17.4416, 14.6979]]}}, {"type": "Feature", "properties": {"kind": "rail", "name": "TER Dakar-AIBD", "ref": ""}, "geometry": {"type": "LineString", "coordinates": [[-17.4413, 14.7026], [-17.4412, 14.7048]]}}, {"type": "Feature", "properties": {"kind": "rail", "name": "", "ref": ""}, "geometry": {"type": "LineString", "coordinates": [[-17.437, 14.7155], [-17.4368, 14.7155], [-17.4366, 14.7155], [-17.4365, 14.7155], [-17.4364, 14.7155], [-17.4362, 14.7155], [-17.4361, 14.7154], [-17.4359, 14.7154], [-17.4358, 14.7153], [-17.4356, 14.7152], [-17.4355, 14.7151], [-17.4353, 14.7149]]}}, {"type": "Feature", "properties": {"kind": "rail", "name": "Chemin de fer de Dakar au Niger", "ref": ""}, "geometry": {"type": "LineString", "coordinates": [[-17.3893, 14.7522], [-17.3889, 14.7526], [-17.3874, 14.7542], [-17.387, 14.7546], [-17.3867, 14.7548], [-17.3864, 14.7551], [-17.386, 14.7554], [-17.3857, 14.7556], [-17.3853, 14.756], [-17.385, 14.7562], [-17.3844, 14.7566], [-17.3839, 14.7568], [-17.3835, 14.757], [-17.3831, 14.7572], [-17.3825, 14.7575], [-17.3821, 14.7577], [-17.3819, 14.7579]]}}, {"type": "Feature", "properties": {"kind": "rail", "name": "TER Dakar-AIBD", "ref": ""}, "geometry": {"type": "LineString", "coordinates": [[-17.2729, 14.7171], [-17.273, 14.7172]]}}, {"type": "Feature", "properties": {"kind": "rail", "name": "TER Dakar-AIBD", "ref": ""}, "geometry": {"type": "LineString", "coordinates": [[-17.2729, 14.7171], [-17.2731, 14.7172]]}}, {"type": "Feature", "properties": {"kind": "rail", "name": "TER Dakar-AIBD", "ref": ""}, "geometry": {"type": "LineString", "coordinates": [[-17.273, 14.7171], [-17.2731, 14.7172]]}}, {"type": "Feature", "properties": {"kind": "rail", "name": "TER Dakar-AIBD", "ref": ""}, "geometry": {"type": "LineString", "coordinates": [[-17.4335, 14.6761], [-17.4336, 14.6764], [-17.4346, 14.6781], [-17.4352, 14.6792], [-17.4354, 14.6796], [-17.4357, 14.6802], [-17.4358, 14.6803], [-17.4363, 14.6812], [-17.4367, 14.682], [-17.4369, 14.6823], [-17.437, 14.6827], [-17.4372, 14.683], [-17.4384, 14.6866], [-17.4385, 14.6869], [-17.4386, 14.6871], [-17.4387, 14.6874], [-17.4388, 14.6876], [-17.4398, 14.6894], [-17.4401, 14.6899], [-17.4404, 14.6905], [-17.4408, 14.6912], [-17.4413, 14.6923], [-17.4414, 14.6926], [-17.4415, 14.693], [-17.4417, 14.6935], [-17.4418, 14.6938], [-17.4419, 14.6942], [-17.4419, 14.6946], [-17.4419, 14.695], [-17.4419, 14.6953], [-17.4419, 14.6956], [-17.4419, 14.6958], [-17.4418, 14.6974], [-17.4416, 14.7004], [-17.4416, 14.7014], [-17.4415, 14.702], [-17.4415, 14.7024], [-17.4415, 14.7032], [-17.4414, 14.7061], [-17.441, 14.7108], [-17.441, 14.7111], [-17.441, 14.7114], [-17.4409, 14.7116], [-17.4409, 14.7119], [-17.4407, 14.7122], [-17.4406, 14.7125], [-17.4406, 14.7127], [-17.4405, 14.7128], [-17.4403, 14.7131], [-17.4401, 14.7134], [-17.4399, 14.7136], [-17.4397, 14.7139], [-17.4395, 14.7142], [-17.4392, 14.7144], [-17.4389, 14.7146], [-17.4387, 14.7148], [-17.4384, 14.7149], [-17.4381, 14.7151], [-17.4378, 14.7152], [-17.4375, 14.7153], [-17.4371, 14.7155], [-17.4367, 14.7156], [-17.4364, 14.7157], [-17.4361, 14.7159], [-17.4358, 14.716], [-17.4355, 14.7162], [-17.4352, 14.7164], [-17.435, 14.7166], [-17.4348, 14.7168], [-17.4346, 14.7171], [-17.4344, 14.7173], [-17.4341, 14.7179], [-17.4327, 14.7208], [-17.4324, 14.7215], [-17.432, 14.7222], [-17.4317, 14.7229], [-17.4298, 14.7266], [-17.4296, 14.7269], [-17.4294, 14.7271], [-17.4293, 14.7273], [-17.4289, 14.7278], [-17.4288, 14.7279], [-17.4286, 14.7281], [-17.4285, 14.7283], [-17.4283, 14.7284], [-17.428, 14.7287], [-17.4278, 14.7288], [-17.4275, 14.729], [-17.4234, 14.7315], [-17.4189, 14.7343], [-17.4183, 14.7347], [-17.4144, 14.7371], [-17.4137, 14.7375], [-17.4134, 14.7377], [-17.4132, 14.7378], [-17.413, 14.7379], [-17.4128, 14.7379], [-17.4127, 14.738], [-17.4125, 14.7381], [-17.4122, 14.7381], [-17.4118, 14.7382], [-17.4035, 14.7397], [-17.4028, 14.7398], [-17.4013, 14.7401], [-17.401, 14.7402], [-17.4007, 14.7402], [-17.4005, 14.7403], [-17.4003, 14.7404], [-17.4001, 14.7405], [-17.3999, 14.7406], [-17.3996, 14.7408], [-17.3994, 14.741], [-17.3983, 14.742], [-17.3981, 14.7422], [-17.398, 14.7423], [-17.3979, 14.7425], [-17.3977, 14.7427], [-17.3969, 14.7436], [-17.3965, 14.7441], [-17.3959, 14.745], [-17.3954, 14.7457], [-17.3948, 14.7464], [-17.3942, 14.7471], [-17.3939, 14.7475], [-17.3932, 14.7483], [-17.3922, 14.7493], [-17.3916, 14.7499], [-17.3911, 14.7504], [-17.3895, 14.7521], [-17.3889, 14.7527], [-17.3874, 14.7543], [-17.3871, 14.7547], [-17.3868, 14.755], [-17.3864, 14.7553], [-17.3861, 14.7555], [-17.3857, 14.7558], [-17.3854, 14.756], [-17.385, 14.7563], [-17.3843, 14.7568], [-17.3839, 14.757], [-17.3836, 14.7572], [-17.3819, 14.758], [-17.3809, 14.7584], [-17.3803, 14.7588], [-17.3796, 14.7591], [-17.3752, 14.7612], [-17.3739, 14.7617], [-17.3734, 14.7619], [-17.373, 14.7621], [-17.3717, 14.7626], [-17.3703, 14.7629], [-17.3694, 14.7632], [-17.3675, 14.7636], [-17.3666, 14.7637], [-17.3657, 14.7638], [-17.3627, 14.7642], [-17.3586, 14.7647], [-17.3585, 14.7647], [-17.3573, 14.7648], [-17.3565, 14.7649], [-17.3558, 14.765], [-17.3545, 14.7651], [-17.3537, 14.7652], [-17.3523, 14.7654], [-17.3519, 14.7654], [-17.3515, 14.7654], [-17.3511, 14.7654], [-17.3507, 14.7654], [-17.3503, 14.7653], [-17.35, 14.7653], [-17.3497, 14.7652], [-17.3494, 14.7651], [-17.3486, 14.7649], [-17.3465, 14.7642], [-17.3461, 14.764], [-17.3457, 14.7639], [-17.3454, 14.7638], [-17.3451, 14.7636], [-17.3448, 14.7634], [-17.3445, 14.7632], [-17.3442, 14.763], [-17.3439, 14.7628], [-17.3437, 14.7625], [-17.3435, 14.7623], [-17.3433, 14.762], [-17.3424, 14.7606], [-17.3423, 14.7604], [-17.3422, 14.7603], [-17.3418, 14.7599], [-17.3416, 14.7597], [-17.3413, 14.7595], [-17.3411, 14.7593], [-17.3408, 14.7592], [-17.3405, 14.759], [-17.3402, 14.7589], [-17.3399, 14.7588], [-17.3395, 14.7588], [-17.334, 14.7576], [-17.3335, 14.7575], [-17.3331, 14.7574], [-17.3326, 14.7573], [-17.3321, 14.7571], [-17.3317, 14.757], [-17.3312, 14.7568], [-17.3308, 14.7566], [-17.3303, 14.7564], [-17.3299, 14.7561], [-17.3295, 14.756], [-17.3291, 14.7557], [-17.3286, 14.7554], [-17.3283, 14.7552], [-17.3279, 14.7549], [-17.3276, 14.7546], [-17.3272, 14.7543], [-17.3226, 14.7501], [-17.322, 14.7496], [-17.3217, 14.7493], [-17.3213, 14.749], [-17.3209, 14.7488], [-17.3206, 14.7486], [-17.3202, 14.7483], [-17.3197, 14.7481], [-17.3189, 14.7478], [-17.3182, 14.7475], [-17.3178, 14.7473], [-17.3173, 14.7471], [-17.317, 14.7469], [-17.3166, 14.7466], [-17.3162, 14.7463], [-17.3159, 14.7461], [-17.3155, 14.7458], [-17.3151, 14.7454], [-17.3142, 14.7444], [-17.3137, 14.7438], [-17.307, 14.7363], [-17.3067, 14.736], [-17.3064, 14.7357], [-17.306, 14.7354], [-17.3057, 14.7352], [-17.3053, 14.7349], [-17.3049, 14.7347], [-17.3045, 14.7345], [-17.2906, 14.7268], [-17.2847, 14.7236], [-17.284, 14.7232], [-17.2833, 14.7228], [-17.279, 14.7204], [-17.2749, 14.7181], [-17.274, 14.7176], [-17.2731, 14.7172]]}}, {"type": "Feature", "properties": {"kind": "rail", "name": "TER Dakar-AIBD", "ref": ""}, "geometry": {"type": "LineString", "coordinates": [[-17.3595, 14.7647], [-17.3608, 14.7645], [-17.3626, 14.7643], [-17.3657, 14.7639], [-17.3666, 14.7638], [-17.3675, 14.7636], [-17.3694, 14.7632], [-17.3703, 14.763], [-17.3718, 14.7626], [-17.373, 14.7621], [-17.3735, 14.7619], [-17.374, 14.7618], [-17.3753, 14.7612], [-17.3796, 14.7591], [-17.3803, 14.7588], [-17.3809, 14.7585], [-17.3836, 14.7572], [-17.3839, 14.757], [-17.3843, 14.7568], [-17.3851, 14.7563], [-17.3854, 14.7561], [-17.3858, 14.7558], [-17.3861, 14.7556], [-17.3865, 14.7553], [-17.3868, 14.755], [-17.3871, 14.7547], [-17.3875, 14.7543], [-17.3882, 14.7535], [-17.389, 14.7527], [-17.3912, 14.7505], [-17.3917, 14.7499], [-17.3934, 14.7481], [-17.394, 14.7475], [-17.3943, 14.7471], [-17.3946, 14.7467], [-17.3949, 14.7464], [-17.3959, 14.745], [-17.3966, 14.7441], [-17.397, 14.7436], [-17.3973, 14.7433], [-17.3977, 14.7427], [-17.3978, 14.7425], [-17.398, 14.7424], [-17.3981, 14.7422], [-17.3983, 14.7421], [-17.3984, 14.7419], [-17.3994, 14.741], [-17.3997, 14.7408], [-17.4, 14.7406], [-17.4001, 14.7405], [-17.4004, 14.7404], [-17.4005, 14.7404], [-17.4008, 14.7403], [-17.401, 14.7402], [-17.4011, 14.7402], [-17.4013, 14.7401], [-17.4028, 14.7399], [-17.4035, 14.7397], [-17.4119, 14.7382], [-17.4122, 14.7382], [-17.4125, 14.7381], [-17.4127, 14.738], [-17.4129, 14.738], [-17.413, 14.7379], [-17.4132, 14.7378], [-17.4134, 14.7377], [-17.4138, 14.7375], [-17.4144, 14.7371], [-17.4183, 14.7347], [-17.4189, 14.7343], [-17.4275, 14.729], [-17.4278, 14.7288], [-17.428, 14.7287], [-17.4283, 14.7284], [-17.4285, 14.7283], [-17.4287, 14.7281], [-17.4288, 14.728], [-17.429, 14.7278], [-17.4293, 14.7273], [-17.4295, 14.7271], [-17.4296, 14.7269], [-17.4298, 14.7266], [-17.43, 14.7262], [-17.4317, 14.7229], [-17.432, 14.7222], [-17.4324, 14.7215], [-17.4327, 14.7208], [-17.4341, 14.718], [-17.4344, 14.7174], [-17.4346, 14.7171], [-17.4348, 14.7168], [-17.435, 14.7166], [-17.4353, 14.7164], [-17.4355, 14.7162], [-17.4358, 14.7161], [-17.4361, 14.7159], [-17.4364, 14.7158], [-17.4368, 14.7156], [-17.4372, 14.7155], [-17.4375, 14.7154], [-17.4379, 14.7152], [-17.4382, 14.7151], [-17.4384, 14.715], [-17.4387, 14.7148], [-17.439, 14.7146], [-17.4392, 14.7144], [-17.4395, 14.7142], [-17.4397, 14.7139], [-17.44, 14.7137], [-17.4402, 14.7134], [-17.4403, 14.7132], [-17.4405, 14.7128], [-17.4406, 14.7127], [-17.4407, 14.7126], [-17.4408, 14.7122], [-17.4409, 14.7119], [-17.4409, 14.7117], [-17.441, 14.7114], [-17.441, 14.7112], [-17.4411, 14.7108], [-17.4416, 14.7033], [-17.4416, 14.7024], [-17.4416, 14.702], [-17.4416, 14.7014], [-17.4417, 14.7004], [-17.4419, 14.6974], [-17.442, 14.6958], [-17.442, 14.6955], [-17.442, 14.6952], [-17.442, 14.695], [-17.4419, 14.6945], [-17.4419, 14.6942], [-17.4418, 14.6939], [-17.4418, 14.6935], [-17.4417, 14.6933], [-17.4416, 14.693], [-17.4414, 14.6926], [-17.4413, 14.6923], [-17.4412, 14.6921], [-17.4411, 14.6919], [-17.4408, 14.6912], [-17.4404, 14.6905], [-17.4396, 14.689], [-17.4388, 14.6875], [-17.4387, 14.6873], [-17.4386, 14.6869], [-17.4385, 14.6866], [-17.4384, 14.6864], [-17.4372, 14.683], [-17.437, 14.6826], [-17.4369, 14.6823], [-17.4368, 14.682], [-17.4363, 14.6812], [-17.4353, 14.6794], [-17.435, 14.6788], [-17.4349, 14.6785], [-17.4337, 14.6764], [-17.4335, 14.6761]]}}, {"type": "Feature", "properties": {"kind": "rail", "name": "TER Dakar-AIBD", "ref": ""}, "geometry": {"type": "LineString", "coordinates": [[-17.4407, 14.6993], [-17.4407, 14.6994], [-17.4408, 14.6996], [-17.4409, 14.7003], [-17.441, 14.7006]]}}, {"type": "Feature", "properties": {"kind": "rail", "name": "TER Dakar-AIBD", "ref": ""}, "geometry": {"type": "LineString", "coordinates": [[-17.4406, 14.6993], [-17.4407, 14.6997], [-17.4408, 14.7001], [-17.441, 14.7006], [-17.441, 14.7008]]}}, {"type": "Feature", "properties": {"kind": "rail", "name": "TER Dakar-AIBD", "ref": ""}, "geometry": {"type": "LineString", "coordinates": [[-17.4408, 14.7002], [-17.4406, 14.6996], [-17.4405, 14.6993]]}}, {"type": "Feature", "properties": {"kind": "rail", "name": "TER Dakar-AIBD", "ref": ""}, "geometry": {"type": "LineString", "coordinates": [[-17.3545, 14.7651], [-17.3548, 14.7651]]}}, {"type": "Feature", "properties": {"kind": "rail", "name": "TER Dakar-AIBD", "ref": ""}, "geometry": {"type": "LineString", "coordinates": [[-17.3592, 14.7646], [-17.3586, 14.7647]]}}, {"type": "Feature", "properties": {"kind": "rail", "name": "TER Dakar-AIBD", "ref": ""}, "geometry": {"type": "LineString", "coordinates": [[-17.3585, 14.7647], [-17.3581, 14.7648]]}}, {"type": "Feature", "properties": {"kind": "rail", "name": "TER Dakar-AIBD", "ref": ""}, "geometry": {"type": "LineString", "coordinates": [[-17.3536, 14.7654], [-17.3544, 14.7652], [-17.3548, 14.7651], [-17.3558, 14.765], [-17.3565, 14.7649], [-17.3573, 14.7648], [-17.3581, 14.7648], [-17.3587, 14.7647], [-17.3595, 14.7647]]}}, {"type": "Feature", "properties": {"kind": "rail", "name": "Chemin de fer de Dakar au Niger", "ref": ""}, "geometry": {"type": "LineString", "coordinates": [[-17.3251, 14.7523], [-17.325, 14.7521], [-17.3248, 14.7519], [-17.3234, 14.7507], [-17.3227, 14.75], [-17.3222, 14.7496], [-17.3217, 14.7492], [-17.3213, 14.7489], [-17.321, 14.7487], [-17.3206, 14.7484], [-17.3202, 14.7482], [-17.3198, 14.748], [-17.3182, 14.7473], [-17.3178, 14.7471], [-17.3174, 14.7469], [-17.317, 14.7467], [-17.3166, 14.7465], [-17.3163, 14.7462], [-17.3159, 14.7459], [-17.3156, 14.7457], [-17.3152, 14.7453], [-17.3143, 14.7444], [-17.3133, 14.7432], [-17.3082, 14.7375], [-17.3081, 14.7374], [-17.308, 14.7373], [-17.3078, 14.7371]]}}, {"type": "Feature", "properties": {"kind": "rail", "name": "TER Dakar-AIBD", "ref": ""}, "geometry": {"type": "LineString", "coordinates": [[-17.1984, 14.7161], [-17.1979, 14.7165], [-17.1972, 14.7172], [-17.1967, 14.7176], [-17.1965, 14.7178], [-17.1962, 14.718], [-17.196, 14.7182], [-17.1957, 14.7183], [-17.1954, 14.7185], [-17.195, 14.7187], [-17.1947, 14.7189], [-17.1943, 14.719], [-17.1938, 14.7192], [-17.1923, 14.7198], [-17.1919, 14.7199]]}}, {"type": "Feature", "properties": {"kind": "rail", "name": "", "ref": ""}, "geometry": {"type": "LineString", "coordinates": [[-17.2022, 14.7128], [-17.2009, 14.7137]]}}, {"type": "Feature", "properties": {"kind": "rail", "name": "TER Dakar-AIBD", "ref": ""}, "geometry": {"type": "LineString", "coordinates": [[-17.2036, 14.7113], [-17.2026, 14.7124]]}}, {"type": "Feature", "properties": {"kind": "rail", "name": "TER Dakar-AIBD", "ref": ""}, "geometry": {"type": "LineString", "coordinates": [[-17.2049, 14.7102], [-17.2044, 14.7106], [-17.2039, 14.7111], [-17.2035, 14.7115], [-17.2031, 14.7119], [-17.2026, 14.7124], [-17.2022, 14.7128], [-17.1999, 14.7149], [-17.1991, 14.7156], [-17.1986, 14.7162], [-17.198, 14.7167], [-17.1974, 14.7172], [-17.1969, 14.7176], [-17.1964, 14.718], [-17.1959, 14.7184], [-17.1956, 14.7186], [-17.1952, 14.7189]]}}, {"type": "Feature", "properties": {"kind": "rail", "name": "", "ref": ""}, "geometry": {"type": "LineString", "coordinates": [[-17.207, 14.7091], [-17.2066, 14.7094]]}}, {"type": "Feature", "properties": {"kind": "rail", "name": "", "ref": ""}, "geometry": {"type": "LineString", "coordinates": [[-17.2087, 14.7075], [-17.207, 14.7091], [-17.2062, 14.7098]]}}, {"type": "Feature", "properties": {"kind": "rail", "name": "", "ref": ""}, "geometry": {"type": "LineString", "coordinates": [[-17.2048, 14.7103], [-17.2086, 14.7068]]}}, {"type": "Feature", "properties": {"kind": "rail", "name": "", "ref": ""}, "geometry": {"type": "LineString", "coordinates": [[-17.2086, 14.7075], [-17.2066, 14.7094], [-17.2063, 14.7096], [-17.2062, 14.7097], [-17.2058, 14.7099], [-17.2057, 14.7099], [-17.2056, 14.7099], [-17.2054, 14.71], [-17.2052, 14.7101], [-17.205, 14.7102], [-17.2048, 14.7103], [-17.2046, 14.7105]]}}, {"type": "Feature", "properties": {"kind": "rail", "name": "Chemin de fer de Dakar au Niger", "ref": ""}, "geometry": {"type": "LineString", "coordinates": [[-17.1872, 14.7216], [-17.1819, 14.7236], [-17.1804, 14.7242], [-17.1767, 14.7256]]}}, {"type": "Feature", "properties": {"kind": "rail", "name": "Chemin de fer de Dakar au Niger", "ref": ""}, "geometry": {"type": "LineString", "coordinates": [[-17.1868, 14.7217], [-17.1818, 14.7236], [-17.1804, 14.7241], [-17.1766, 14.7255]]}}, {"type": "Feature", "properties": {"kind": "rail", "name": "TER Dakar-AIBD", "ref": ""}, "geometry": {"type": "LineString", "coordinates": [[-17.4414, 14.7029], [-17.4412, 14.7049]]}}, {"type": "Feature", "properties": {"kind": "rail", "name": "Chemin de fer de Dakar au Niger", "ref": ""}, "geometry": {"type": "LineString", "coordinates": [[-16.6353, 14.7481], [-16.6289, 14.746], [-16.6211, 14.7434], [-16.6198, 14.743], [-16.6172, 14.7421], [-16.6166, 14.7419], [-16.6161, 14.7418], [-16.6148, 14.7413], [-16.612, 14.7404], [-16.6062, 14.7384], [-16.6045, 14.7379], [-16.5967, 14.7353], [-16.5966, 14.7353], [-16.5912, 14.7335], [-16.5898, 14.733], [-16.5898, 14.733], [-16.5839, 14.7311], [-16.5742, 14.7279], [-16.572, 14.7272], [-16.5669, 14.7255], [-16.5635, 14.7244], [-16.5602, 14.7233], [-16.5588, 14.7228], [-16.5437, 14.7178], [-16.5398, 14.7166], [-16.5315, 14.7139], [-16.5285, 14.7129], [-16.5267, 14.7123], [-16.5218, 14.7107], [-16.521, 14.7105], [-16.5205, 14.7103], [-16.511, 14.7072], [-16.507, 14.7058], [-16.5043, 14.705], [-16.5017, 14.7041], [-16.4991, 14.7036], [-16.4977, 14.7033], [-16.497, 14.7031], [-16.4959, 14.7029], [-16.4877, 14.7012], [-16.4864, 14.7009], [-16.4863, 14.7009], [-16.4723, 14.6979], [-16.4602, 14.6954], [-16.4596, 14.6952], [-16.4582, 14.6949], [-16.4555, 14.6944], [-16.4546, 14.6942], [-16.4531, 14.6939], [-16.4525, 14.6938], [-16.4204, 14.687], [-16.4197, 14.6868], [-16.4141, 14.6857], [-16.4085, 14.6845], [-16.4038, 14.6835], [-16.3981, 14.6822], [-16.3922, 14.681], [-16.3789, 14.6782], [-16.3595, 14.6741], [-16.3543, 14.673], [-16.3461, 14.6712], [-16.3264, 14.667], [-16.3155, 14.6646], [-16.3086, 14.6631], [-16.3063, 14.6626], [-16.2922, 14.6595], [-16.283, 14.6575], [-16.2791, 14.6567], [-16.2573, 14.6519], [-16.2557, 14.6519], [-16.2544, 14.6521], [-16.2529, 14.6525], [-16.2417, 14.6565], [-16.2395, 14.6572], [-16.2389, 14.6574], [-16.2356, 14.6586], [-16.2346, 14.6589], [-16.2317, 14.6599], [-16.2292, 14.6608], [-16.2282, 14.6612], [-16.2272, 14.6616], [-16.2249, 14.6624], [-16.224, 14.6627], [-16.2228, 14.6633], [-16.2228, 14.6633], [-16.2215, 14.664]]}}, {"type": "Feature", "properties": {"kind": "rail", "name": "Chemin de fer de Dakar au Niger", "ref": ""}, "geometry": {"type": "LineString", "coordinates": [[-16.8026, 14.765], [-16.8015, 14.7651], [-16.8013, 14.7651], [-16.7991, 14.7652], [-16.7986, 14.7652], [-16.7978, 14.7653], [-16.7974, 14.7653], [-16.7972, 14.7653], [-16.7965, 14.7653], [-16.7965, 14.7653], [-16.7964, 14.7653], [-16.796, 14.7653], [-16.7952, 14.7654], [-16.7943, 14.7654], [-16.7938, 14.7654], [-16.7931, 14.7655], [-16.7912, 14.7656], [-16.7874, 14.7657], [-16.7847, 14.7659], [-16.7846, 14.7659], [-16.7837, 14.7659], [-16.7724, 14.7664], [-16.7723, 14.7664], [-16.7644, 14.7668], [-16.7545, 14.7672], [-16.7516, 14.7674], [-16.7436, 14.7677], [-16.7329, 14.7682], [-16.7327, 14.7683], [-16.7316, 14.7683], [-16.7312, 14.7684], [-16.7298, 14.7684], [-16.7283, 14.7685], [-16.7217, 14.7687], [-16.7165, 14.769], [-16.7145, 14.7691], [-16.7114, 14.7693], [-16.7063, 14.7695], [-16.7042, 14.7696], [-16.7035, 14.7696], [-16.7023, 14.7697], [-16.7019, 14.7697], [-16.7016, 14.7697], [-16.7012, 14.7696], [-16.7008, 14.7696], [-16.7005, 14.7696], [-16.7002, 14.7695], [-16.7, 14.7695], [-16.6998, 14.7694], [-16.6988, 14.7691], [-16.6974, 14.7686], [-16.6937, 14.7674], [-16.6932, 14.7673], [-16.6914, 14.7666], [-16.6878, 14.7655], [-16.6848, 14.7645], [-16.6832, 14.7639], [-16.681, 14.7631], [-16.6777, 14.7621], [-16.6665, 14.7584], [-16.6639, 14.7576], [-16.6543, 14.7544], [-16.6542, 14.7543], [-16.6477, 14.7522], [-16.6475, 14.7521], [-16.6472, 14.752], [-16.6467, 14.7518], [-16.6465, 14.7518], [-16.6461, 14.7516], [-16.6453, 14.7514], [-16.6444, 14.7511], [-16.6371, 14.7487], [-16.6364, 14.7484], [-16.6353, 14.7481]]}}, {"type": "Feature", "properties": {"kind": "rail", "name": "Chemin de fer de Dakar au Niger", "ref": ""}, "geometry": {"type": "LineString", "coordinates": [[-16.8027, 14.765], [-16.8026, 14.765]]}}, {"type": "Feature", "properties": {"kind": "rail", "name": "TER Dakar-AIBD", "ref": ""}, "geometry": {"type": "LineString", "coordinates": [[-17.2662, 14.7149], [-17.2681, 14.7155], [-17.2684, 14.7156]]}}, {"type": "Feature", "properties": {"kind": "rail", "name": "TER Dakar-AIBD", "ref": ""}, "geometry": {"type": "LineString", "coordinates": [[-17.2742, 14.7178], [-17.2749, 14.7182]]}}, {"type": "Feature", "properties": {"kind": "rail", "name": "TER Dakar-AIBD", "ref": ""}, "geometry": {"type": "LineString", "coordinates": [[-17.3587, 14.7647], [-17.3592, 14.7646], [-17.3609, 14.7644]]}}, {"type": "Feature", "properties": {"kind": "rail", "name": "TER Dakar-AIBD", "ref": ""}, "geometry": {"type": "LineString", "coordinates": [[-17.1877, 14.7216], [-17.1898, 14.7208], [-17.1901, 14.7207], [-17.1905, 14.7205], [-17.1909, 14.7204], [-17.1913, 14.7203], [-17.1918, 14.7202], [-17.1925, 14.72], [-17.193, 14.7198], [-17.1934, 14.7197], [-17.1939, 14.7195], [-17.1943, 14.7193], [-17.1948, 14.7191], [-17.1952, 14.7189], [-17.1956, 14.7186], [-17.196, 14.7184], [-17.1963, 14.7182], [-17.1968, 14.7178], [-17.1973, 14.7174], [-17.198, 14.7167], [-17.1986, 14.7162]]}}, {"type": "Feature", "properties": {"kind": "rail", "name": "TER Dakar-AIBD", "ref": ""}, "geometry": {"type": "LineString", "coordinates": [[-17.2674, 14.7154], [-17.271, 14.7164], [-17.2714, 14.7165], [-17.2718, 14.7167], [-17.2724, 14.7169], [-17.2727, 14.717], [-17.2729, 14.7171]]}}, {"type": "Feature", "properties": {"kind": "rail", "name": "TER Dakar-AIBD", "ref": ""}, "geometry": {"type": "LineString", "coordinates": [[-17.273, 14.7172], [-17.2735, 14.7175], [-17.2745, 14.718]]}}, {"type": "Feature", "properties": {"kind": "rail", "name": "TER Dakar-AIBD", "ref": ""}, "geometry": {"type": "LineString", "coordinates": [[-17.3536, 14.7654], [-17.3558, 14.7651], [-17.3573, 14.7649], [-17.3595, 14.7647]]}}, {"type": "Feature", "properties": {"kind": "rail", "name": "TER Dakar-AIBD", "ref": ""}, "geometry": {"type": "LineString", "coordinates": [[-17.2745, 14.718], [-17.2748, 14.7182], [-17.279, 14.7204], [-17.2833, 14.7228], [-17.284, 14.7232], [-17.2847, 14.7236], [-17.2906, 14.7268], [-17.3045, 14.7345], [-17.3049, 14.7347], [-17.3053, 14.7349], [-17.3056, 14.7352], [-17.306, 14.7354], [-17.3063, 14.7357], [-17.3066, 14.736], [-17.3069, 14.7363], [-17.3137, 14.7439], [-17.3142, 14.7444], [-17.315, 14.7454], [-17.3155, 14.7458], [-17.3158, 14.7461], [-17.3162, 14.7463], [-17.3165, 14.7466], [-17.3169, 14.7469], [-17.3173, 14.7471], [-17.3177, 14.7473], [-17.3181, 14.7475], [-17.3189, 14.7478], [-17.3197, 14.7481], [-17.3201, 14.7483], [-17.3205, 14.7486], [-17.3209, 14.7488], [-17.3212, 14.749], [-17.3216, 14.7493], [-17.322, 14.7496], [-17.3226, 14.7501], [-17.3272, 14.7543], [-17.3275, 14.7546], [-17.3279, 14.7549], [-17.3282, 14.7552], [-17.3286, 14.7554], [-17.329, 14.7557], [-17.3295, 14.756], [-17.3298, 14.7562], [-17.3303, 14.7564], [-17.3308, 14.7566], [-17.3312, 14.7568], [-17.3316, 14.757], [-17.3321, 14.7572], [-17.3326, 14.7573], [-17.3331, 14.7575], [-17.3335, 14.7575], [-17.334, 14.7576], [-17.3395, 14.7588], [-17.3398, 14.7589], [-17.3402, 14.759], [-17.3405, 14.7591], [-17.3407, 14.7592], [-17.341, 14.7593], [-17.3413, 14.7595], [-17.3415, 14.7597], [-17.3417, 14.7599], [-17.3421, 14.7603], [-17.3422, 14.7604], [-17.3423, 14.7606], [-17.3432, 14.762], [-17.3434, 14.7623], [-17.3437, 14.7625], [-17.3439, 14.7628], [-17.3442, 14.763], [-17.3444, 14.7632], [-17.3447, 14.7634], [-17.345, 14.7636], [-17.3452, 14.7637], [-17.3454, 14.7638], [-17.3457, 14.7639], [-17.346, 14.764], [-17.3486, 14.7649], [-17.3493, 14.7652], [-17.3498, 14.7653], [-17.3502, 14.7654], [-17.3504, 14.7654], [-17.3506, 14.7654], [-17.351, 14.7655], [-17.3515, 14.7655], [-17.3519, 14.7655], [-17.3523, 14.7655], [-17.3531, 14.7654], [-17.3536, 14.7654]]}}, {"type": "Feature", "properties": {"kind": "rail", "name": "", "ref": ""}, "geometry": {"type": "LineString", "coordinates": [[-17.2034, 14.7114], [-17.203, 14.7117], [-17.2014, 14.7133], [-17.2013, 14.7134], [-17.199, 14.7155], [-17.1984, 14.7161]]}}, {"type": "Feature", "properties": {"kind": "rail", "name": "TER Dakar-AIBD", "ref": ""}, "geometry": {"type": "LineString", "coordinates": [[-17.2034, 14.7114], [-17.2036, 14.7112], [-17.204, 14.7109], [-17.2043, 14.7106], [-17.2043, 14.7105], [-17.2048, 14.7101], [-17.2054, 14.7096], [-17.2068, 14.7082], [-17.2079, 14.7071], [-17.2086, 14.7065], [-17.2091, 14.7061], [-17.2093, 14.7059], [-17.2096, 14.7057], [-17.2099, 14.7054], [-17.2102, 14.7052], [-17.2105, 14.705], [-17.2109, 14.7048], [-17.2111, 14.7047], [-17.2114, 14.7046], [-17.2117, 14.7044], [-17.2121, 14.7043], [-17.2216, 14.7008], [-17.226, 14.6993]]}}, {"type": "Feature", "properties": {"kind": "rail", "name": "TER Dakar-AIBD", "ref": ""}, "geometry": {"type": "LineString", "coordinates": [[-17.226, 14.6993], [-17.2261, 14.6993]]}}, {"type": "Feature", "properties": {"kind": "rail", "name": "TER Dakar-AIBD", "ref": ""}, "geometry": {"type": "LineString", "coordinates": [[-17.1986, 14.7162], [-17.1992, 14.7156], [-17.1999, 14.715], [-17.2026, 14.7124], [-17.2032, 14.7118], [-17.2039, 14.7112], [-17.2046, 14.7105], [-17.2049, 14.7102], [-17.2057, 14.7093], [-17.2072, 14.7079], [-17.2075, 14.7076], [-17.2085, 14.7066], [-17.2091, 14.7061], [-17.2093, 14.7059], [-17.2096, 14.7057], [-17.2099, 14.7054], [-17.2103, 14.7052], [-17.2106, 14.705], [-17.211, 14.7048], [-17.2113, 14.7046], [-17.2118, 14.7044], [-17.2121, 14.7043], [-17.2216, 14.7009], [-17.226, 14.6993]]}}, {"type": "Feature", "properties": {"kind": "rail", "name": "TER Dakar-AIBD", "ref": ""}, "geometry": {"type": "LineString", "coordinates": [[-17.226, 14.6993], [-17.2261, 14.6993]]}}, {"type": "Feature", "properties": {"kind": "rail", "name": "TER Dakar-AIBD", "ref": ""}, "geometry": {"type": "LineString", "coordinates": [[-17.1877, 14.7215], [-17.1901, 14.7206], [-17.1919, 14.7199], [-17.1922, 14.7198], [-17.1925, 14.7198], [-17.1929, 14.7196], [-17.1933, 14.7195], [-17.1938, 14.7193], [-17.1943, 14.7192], [-17.1947, 14.719], [-17.1951, 14.7188], [-17.1955, 14.7186], [-17.1958, 14.7183], [-17.1961, 14.7182], [-17.1964, 14.7179], [-17.1967, 14.7176], [-17.1972, 14.7172], [-17.1979, 14.7166], [-17.1985, 14.7161], [-17.199, 14.7155], [-17.2009, 14.7137], [-17.2015, 14.7132], [-17.2017, 14.7131], [-17.2019, 14.7128], [-17.2028, 14.712], [-17.2036, 14.7113]]}}, {"type": "Feature", "properties": {"kind": "rail", "name": "TER Dakar-AIBD", "ref": ""}, "geometry": {"type": "LineString", "coordinates": [[-17.4346, 14.6781], [-17.4349, 14.6785]]}}, {"type": "Feature", "properties": {"kind": "rail", "name": "TER Dakar-AIBD", "ref": ""}, "geometry": {"type": "LineString", "coordinates": [[-17.4352, 14.6792], [-17.435, 14.6788]]}}, {"type": "Feature", "properties": {"kind": "rail", "name": "Chemin de fer de Dakar au Niger", "ref": ""}, "geometry": {"type": "LineString", "coordinates": [[-17.4333, 14.6762], [-17.4335, 14.6765], [-17.434, 14.6775], [-17.4346, 14.6784]]}}, {"type": "Feature", "properties": {"kind": "rail", "name": "Chemin de fer de Dakar au Niger", "ref": ""}, "geometry": {"type": "LineString", "coordinates": [[-17.4346, 14.6784], [-17.435, 14.6792], [-17.4364, 14.6816]]}}, {"type": "Feature", "properties": {"kind": "rail", "name": "Chemin de fer de Dakar au Niger", "ref": ""}, "geometry": {"type": "LineString", "coordinates": [[-17.4364, 14.6816], [-17.4361, 14.6812], [-17.4356, 14.6802], [-17.4352, 14.6795], [-17.4349, 14.6789], [-17.4346, 14.6784]]}}, {"type": "Feature", "properties": {"kind": "rail", "name": "TER Dakar-AIBD", "ref": ""}, "geometry": {"type": "LineString", "coordinates": [[-17.4357, 14.6802], [-17.4359, 14.6805], [-17.4368, 14.6822]]}}, {"type": "Feature", "properties": {"kind": "rail", "name": "TER Dakar-AIBD", "ref": ""}, "geometry": {"type": "LineString", "coordinates": [[-17.4359, 14.6805], [-17.4357, 14.6802]]}}, {"type": "Feature", "properties": {"kind": "rail", "name": "TER Dakar-AIBD", "ref": ""}, "geometry": {"type": "LineString", "coordinates": [[-17.4396, 14.689], [-17.4398, 14.6894]]}}, {"type": "Feature", "properties": {"kind": "rail", "name": "Chemin de fer de Dakar au Niger", "ref": ""}, "geometry": {"type": "LineString", "coordinates": [[-17.4397, 14.6893], [-17.4398, 14.6896]]}}, {"type": "Feature", "properties": {"kind": "rail", "name": "TER Dakar-AIBD", "ref": ""}, "geometry": {"type": "LineString", "coordinates": [[-17.4402, 14.6903], [-17.4401, 14.6899]]}}, {"type": "Feature", "properties": {"kind": "rail", "name": "TER Dakar-AIBD", "ref": ""}, "geometry": {"type": "LineString", "coordinates": [[-17.4409, 14.6994], [-17.4409, 14.6991]]}}, {"type": "Feature", "properties": {"kind": "rail", "name": "TER Dakar-AIBD", "ref": ""}, "geometry": {"type": "LineString", "coordinates": [[-17.4409, 14.6991], [-17.441, 14.6985], [-17.441, 14.6983]]}}, {"type": "Feature", "properties": {"kind": "rail", "name": "TER Dakar-AIBD", "ref": ""}, "geometry": {"type": "LineString", "coordinates": [[-17.4407, 14.7002], [-17.4405, 14.6999], [-17.4405, 14.6998], [-17.4404, 14.6996], [-17.4403, 14.6994]]}}, {"type": "Feature", "properties": {"kind": "rail", "name": "", "ref": ""}, "geometry": {"type": "LineString", "coordinates": [[-17.4348, 14.7156], [-17.4348, 14.7157], [-17.4348, 14.7159], [-17.4347, 14.7161], [-17.4347, 14.7164], [-17.4346, 14.7166], [-17.4345, 14.7169], [-17.4343, 14.7173]]}}, {"type": "Feature", "properties": {"kind": "rail", "name": "", "ref": ""}, "geometry": {"type": "LineString", "coordinates": [[-17.4323, 14.7072], [-17.432, 14.7069], [-17.4315, 14.7064], [-17.4307, 14.7054], [-17.4304, 14.7051], [-17.4288, 14.7032], [-17.4278, 14.702], [-17.4271, 14.7011]]}}, {"type": "Feature", "properties": {"kind": "rail", "name": "", "ref": ""}, "geometry": {"type": "LineString", "coordinates": [[-17.432, 14.7069], [-17.4317, 14.7067], [-17.4316, 14.7065], [-17.4308, 14.7056]]}}, {"type": "Feature", "properties": {"kind": "rail", "name": "", "ref": ""}, "geometry": {"type": "LineString", "coordinates": [[-17.4317, 14.7067], [-17.4316, 14.7066], [-17.4308, 14.7057]]}}, {"type": "Feature", "properties": {"kind": "rail", "name": "", "ref": ""}, "geometry": {"type": "LineString", "coordinates": [[-17.4257, 14.698], [-17.4257, 14.6982], [-17.4257, 14.6983], [-17.4257, 14.6983], [-17.4257, 14.6985], [-17.4257, 14.6987], [-17.4258, 14.6991], [-17.4258, 14.6992], [-17.4258, 14.6993], [-17.4259, 14.6995], [-17.426, 14.6997], [-17.4261, 14.6998], [-17.4263, 14.7], [-17.4265, 14.7003], [-17.4271, 14.701]]}}, {"type": "Feature", "properties": {"kind": "rail", "name": "", "ref": ""}, "geometry": {"type": "LineString", "coordinates": [[-17.427, 14.6918], [-17.4262, 14.6942], [-17.4262, 14.6944], [-17.4261, 14.6945], [-17.4261, 14.6949], [-17.426, 14.6954], [-17.426, 14.6955], [-17.4259, 14.6961]]}}, {"type": "Feature", "properties": {"kind": "rail", "name": "", "ref": ""}, "geometry": {"type": "LineString", "coordinates": [[-17.4262, 14.6942], [-17.4264, 14.6938], [-17.4267, 14.6928], [-17.4268, 14.6926], [-17.427, 14.6924], [-17.4271, 14.6922]]}}, {"type": "Feature", "properties": {"kind": "rail", "name": "", "ref": ""}, "geometry": {"type": "LineString", "coordinates": [[-17.4261, 14.6949], [-17.4261, 14.6946], [-17.4262, 14.6944], [-17.4263, 14.6941], [-17.4264, 14.694], [-17.4265, 14.6938], [-17.4266, 14.6936], [-17.4267, 14.6934], [-17.4269, 14.6927], [-17.4271, 14.6922]]}}, {"type": "Feature", "properties": {"kind": "rail", "name": "", "ref": ""}, "geometry": {"type": "LineString", "coordinates": [[-17.4271, 14.6922], [-17.4274, 14.6917], [-17.4276, 14.6913]]}}, {"type": "Feature", "properties": {"kind": "rail", "name": "", "ref": ""}, "geometry": {"type": "LineString", "coordinates": [[-17.3413, 14.7396], [-17.3415, 14.7391], [-17.3415, 14.739], [-17.342, 14.7374], [-17.3421, 14.7371], [-17.3421, 14.737], [-17.3422, 14.7368], [-17.3422, 14.7366]]}}, {"type": "Feature", "properties": {"kind": "rail", "name": "", "ref": ""}, "geometry": {"type": "LineString", "coordinates": [[-17.3407, 14.7417], [-17.3411, 14.7404], [-17.3411, 14.7404], [-17.3411, 14.7401]]}}, {"type": "Feature", "properties": {"kind": "rail", "name": "TER Dakar-AIBD", "ref": ""}, "geometry": {"type": "LineString", "coordinates": [[-17.3544, 14.7652], [-17.3539, 14.7652]]}}, {"type": "Feature", "properties": {"kind": "rail", "name": "TER Dakar-AIBD", "ref": ""}, "geometry": {"type": "LineString", "coordinates": [[-17.2731, 14.7172], [-17.2736, 14.7175]]}}, {"type": "Feature", "properties": {"kind": "rail", "name": "TER Dakar-AIBD", "ref": ""}, "geometry": {"type": "LineString", "coordinates": [[-17.2681, 14.7155], [-17.2676, 14.7153]]}}, {"type": "Feature", "properties": {"kind": "rail", "name": "", "ref": ""}, "geometry": {"type": "LineString", "coordinates": [[-17.2693, 14.7154], [-17.2663, 14.7146]]}}, {"type": "Feature", "properties": {"kind": "rail", "name": "", "ref": ""}, "geometry": {"type": "LineString", "coordinates": [[-17.2675, 14.7148], [-17.2668, 14.7146]]}}, {"type": "Feature", "properties": {"kind": "rail", "name": "", "ref": ""}, "geometry": {"type": "LineString", "coordinates": [[-17.2668, 14.7146], [-17.2668, 14.7146], [-17.2667, 14.7146], [-17.2666, 14.7146]]}}, {"type": "Feature", "properties": {"kind": "rail", "name": "", "ref": ""}, "geometry": {"type": "LineString", "coordinates": [[-17.27, 14.7153], [-17.2695, 14.7152], [-17.2694, 14.7152], [-17.2691, 14.7151], [-17.2688, 14.7151]]}}, {"type": "Feature", "properties": {"kind": "rail", "name": "", "ref": ""}, "geometry": {"type": "LineString", "coordinates": [[-17.27, 14.7154], [-17.2688, 14.7151]]}}, {"type": "Feature", "properties": {"kind": "rail", "name": "", "ref": ""}, "geometry": {"type": "LineString", "coordinates": [[-17.212, 14.7042], [-17.2117, 14.7043], [-17.2115, 14.7043], [-17.2112, 14.7044], [-17.2108, 14.7046], [-17.2104, 14.7048], [-17.2098, 14.7052], [-17.2095, 14.7054], [-17.2093, 14.7056], [-17.2091, 14.7057], [-17.209, 14.7058], [-17.2089, 14.7059], [-17.2088, 14.706], [-17.2081, 14.7066]]}}, {"type": "Feature", "properties": {"kind": "rail", "name": "", "ref": ""}, "geometry": {"type": "LineString", "coordinates": [[-17.2076, 14.7065], [-17.2086, 14.706], [-17.2087, 14.7059], [-17.2088, 14.7059], [-17.2091, 14.7057]]}}, {"type": "Feature", "properties": {"kind": "rail", "name": "", "ref": ""}, "geometry": {"type": "LineString", "coordinates": [[-17.209, 14.7057], [-17.2088, 14.7059]]}}, {"type": "Feature", "properties": {"kind": "rail", "name": "", "ref": ""}, "geometry": {"type": "LineString", "coordinates": [[-17.209, 14.7057], [-17.2091, 14.7056]]}}, {"type": "Feature", "properties": {"kind": "rail", "name": "", "ref": ""}, "geometry": {"type": "LineString", "coordinates": [[-17.208, 14.7062], [-17.2083, 14.7061], [-17.2086, 14.706]]}}, {"type": "Feature", "properties": {"kind": "rail", "name": "TER Dakar-AIBD", "ref": ""}, "geometry": {"type": "LineString", "coordinates": [[-17.2079, 14.7071], [-17.2075, 14.7076]]}}, {"type": "Feature", "properties": {"kind": "rail", "name": "TER Dakar-AIBD", "ref": ""}, "geometry": {"type": "LineString", "coordinates": [[-17.2072, 14.7079], [-17.2068, 14.7082]]}}, {"type": "Feature", "properties": {"kind": "rail", "name": "", "ref": ""}, "geometry": {"type": "LineString", "coordinates": [[-17.2061, 14.7087], [-17.2058, 14.709]]}}, {"type": "Feature", "properties": {"kind": "rail", "name": "", "ref": ""}, "geometry": {"type": "LineString", "coordinates": [[-17.2023, 14.7122], [-17.2019, 14.7126]]}}, {"type": "Feature", "properties": {"kind": "rail", "name": "TER Dakar-AIBD", "ref": ""}, "geometry": {"type": "LineString", "coordinates": [[-17.2048, 14.7101], [-17.2041, 14.7108]]}}, {"type": "Feature", "properties": {"kind": "rail", "name": "TER Dakar-AIBD", "ref": ""}, "geometry": {"type": "LineString", "coordinates": [[-17.2041, 14.7108], [-17.2043, 14.7106]]}}, {"type": "Feature", "properties": {"kind": "rail", "name": "TER Dakar-AIBD", "ref": ""}, "geometry": {"type": "LineString", "coordinates": [[-17.2041, 14.7108], [-17.2036, 14.7113]]}}, {"type": "Feature", "properties": {"kind": "rail", "name": "TER Dakar-AIBD", "ref": ""}, "geometry": {"type": "LineString", "coordinates": [[-17.2017, 14.7131], [-17.2014, 14.7133]]}}, {"type": "Feature", "properties": {"kind": "rail", "name": "", "ref": ""}, "geometry": {"type": "LineString", "coordinates": [[-17.1924, 14.7196], [-17.193, 14.7195]]}}, {"type": "Feature", "properties": {"kind": "rail", "name": "Chemin de fer de Dakar au Niger", "ref": ""}, "geometry": {"type": "LineString", "coordinates": [[-17.0755, 14.7681], [-17.0725, 14.7686], [-17.0708, 14.7689], [-17.07, 14.769], [-17.0677, 14.7693], [-17.067, 14.7694], [-17.0629, 14.7701], [-17.0616, 14.7703], [-17.0612, 14.7703], [-17.0608, 14.7704], [-17.0605, 14.7705], [-17.0604, 14.7705], [-17.0563, 14.7718], [-17.054, 14.7726], [-17.0532, 14.7728], [-17.0529, 14.7728], [-17.0524, 14.773], [-17.0521, 14.773], [-17.0519, 14.7731], [-17.0516, 14.7731], [-17.0515, 14.7731], [-17.0514, 14.7731], [-17.0512, 14.7732], [-17.0509, 14.7732], [-17.0489, 14.7734]]}}, {"type": "Feature", "properties": {"kind": "rail", "name": "Chemin de fer de Dakar au Niger", "ref": ""}, "geometry": {"type": "LineString", "coordinates": [[-17.0755, 14.7681], [-17.0725, 14.7685], [-17.0708, 14.7688], [-17.07, 14.7689], [-17.0677, 14.7693], [-17.067, 14.7694], [-17.0616, 14.7702], [-17.0612, 14.7703], [-17.0608, 14.7704], [-17.0605, 14.7705], [-17.0603, 14.7705], [-17.0563, 14.7718], [-17.054, 14.7725], [-17.0532, 14.7728], [-17.0529, 14.7728], [-17.0524, 14.7729], [-17.0521, 14.773], [-17.0519, 14.773], [-17.0516, 14.7731], [-17.0514, 14.7731], [-17.0514, 14.7731], [-17.0512, 14.7731], [-17.0509, 14.7732], [-17.0489, 14.7734]]}}, {"type": "Feature", "properties": {"kind": "rail", "name": "Chemin de fer de Dakar au Niger", "ref": ""}, "geometry": {"type": "LineString", "coordinates": [[-17.0758, 14.7681], [-17.0756, 14.7681], [-17.0755, 14.7681]]}}, {"type": "Feature", "properties": {"kind": "rail", "name": "Chemin de fer de Dakar au Niger", "ref": ""}, "geometry": {"type": "LineString", "coordinates": [[-17.0763, 14.768], [-17.0756, 14.7681], [-17.0755, 14.7681]]}}, {"type": "Feature", "properties": {"kind": "rail", "name": "Chemin de fer de Dakar au Niger", "ref": ""}, "geometry": {"type": "LineString", "coordinates": [[-16.9942, 14.7795], [-16.9934, 14.7798], [-16.993, 14.78], [-16.9921, 14.7803], [-16.991, 14.7805], [-16.9896, 14.7808], [-16.9864, 14.7814], [-16.9844, 14.7817], [-16.9837, 14.7819], [-16.9832, 14.7821], [-16.982, 14.7825], [-16.9792, 14.7835], [-16.9757, 14.7849], [-16.9747, 14.7853], [-16.9742, 14.7854], [-16.9737, 14.7856], [-16.9731, 14.7857], [-16.9725, 14.7857], [-16.971, 14.7858], [-16.9689, 14.7859], [-16.9643, 14.786], [-16.9638, 14.7861], [-16.963, 14.7862], [-16.9619, 14.7864], [-16.9607, 14.7866], [-16.9606, 14.7866], [-16.9594, 14.787], [-16.9586, 14.7872], [-16.9568, 14.788], [-16.9568, 14.788]]}}, {"type": "Feature", "properties": {"kind": "rail", "name": "Chemin de fer de Dakar au Niger", "ref": ""}, "geometry": {"type": "LineString", "coordinates": [[-16.9568, 14.788], [-16.9508, 14.7904], [-16.9443, 14.7931], [-16.9434, 14.7935], [-16.9428, 14.7937], [-16.9425, 14.7939], [-16.9421, 14.794], [-16.9405, 14.7947], [-16.94, 14.7949], [-16.9395, 14.7951], [-16.9369, 14.7961], [-16.9364, 14.7963], [-16.9359, 14.7965], [-16.9355, 14.7966], [-16.9351, 14.7967], [-16.9343, 14.7968], [-16.9335, 14.7969]]}}, {"type": "Feature", "properties": {"kind": "rail", "name": "Chemin de fer de Dakar au Niger", "ref": ""}, "geometry": {"type": "LineString", "coordinates": [[-16.9335, 14.7969], [-16.933, 14.7969], [-16.9329, 14.7969], [-16.9327, 14.7969]]}}, {"type": "Feature", "properties": {"kind": "rail", "name": "Chemin de fer de Dakar au Niger", "ref": ""}, "geometry": {"type": "LineString", "coordinates": [[-16.933, 14.7969], [-16.9334, 14.7969]]}}, {"type": "Feature", "properties": {"kind": "rail", "name": "Chemin de fer de Dakar au Niger", "ref": ""}, "geometry": {"type": "LineString", "coordinates": [[-16.9324, 14.7969], [-16.9316, 14.797]]}}, {"type": "Feature", "properties": {"kind": "rail", "name": "Chemin de fer de Dakar au Niger", "ref": ""}, "geometry": {"type": "LineString", "coordinates": [[-16.9327, 14.7969], [-16.9324, 14.7969]]}}, {"type": "Feature", "properties": {"kind": "rail", "name": "", "ref": ""}, "geometry": {"type": "LineString", "coordinates": [[-16.9289, 14.7972], [-16.9286, 14.7973]]}}, {"type": "Feature", "properties": {"kind": "rail", "name": "", "ref": ""}, "geometry": {"type": "LineString", "coordinates": [[-16.8188, 14.9517], [-16.8185, 14.952], [-16.8177, 14.9528], [-16.8172, 14.9532], [-16.8157, 14.9547]]}}, {"type": "Feature", "properties": {"kind": "rail", "name": "", "ref": ""}, "geometry": {"type": "LineString", "coordinates": [[-16.8186, 14.9519], [-16.8185, 14.952], [-16.8183, 14.9522], [-16.8178, 14.9527], [-16.8164, 14.9541], [-16.8159, 14.9546], [-16.8158, 14.9547]]}}, {"type": "Feature", "properties": {"kind": "rail", "name": "", "ref": ""}, "geometry": {"type": "LineString", "coordinates": [[-16.8156, 14.9548], [-16.8157, 14.9547], [-16.8157, 14.9547], [-16.8158, 14.9546], [-16.8183, 14.9522], [-16.8184, 14.9521], [-16.8185, 14.952]]}}, {"type": "Feature", "properties": {"kind": "rail", "name": "", "ref": ""}, "geometry": {"type": "LineString", "coordinates": [[-16.8184, 14.9521], [-16.8181, 14.9523], [-16.8178, 14.9525], [-16.8172, 14.9532]]}}, {"type": "Feature", "properties": {"kind": "rail", "name": "", "ref": ""}, "geometry": {"type": "LineString", "coordinates": [[-16.9196, 14.7989], [-16.9202, 14.7988], [-16.9203, 14.7988], [-16.9205, 14.7987], [-16.9206, 14.7987], [-16.9208, 14.7986]]}}, {"type": "Feature", "properties": {"kind": "rail", "name": "", "ref": ""}, "geometry": {"type": "LineString", "coordinates": [[-16.9218, 14.7984], [-16.9216, 14.7984], [-16.9215, 14.7984], [-16.9213, 14.7985], [-16.9208, 14.7986], [-16.9204, 14.7986], [-16.9196, 14.7988]]}}, {"type": "Feature", "properties": {"kind": "rail", "name": "", "ref": ""}, "geometry": {"type": "LineString", "coordinates": [[-16.9214, 14.7985], [-16.9212, 14.7986], [-16.921, 14.7986], [-16.9208, 14.7987], [-16.9208, 14.7987], [-16.9207, 14.7987], [-16.9207, 14.7988], [-16.9205, 14.7988], [-16.9204, 14.7988], [-16.9196, 14.799]]}}, {"type": "Feature", "properties": {"kind": "rail", "name": "", "ref": ""}, "geometry": {"type": "LineString", "coordinates": [[-16.9195, 14.7986], [-16.9202, 14.7985], [-16.9206, 14.7984], [-16.9209, 14.7984], [-16.9211, 14.7984], [-16.9216, 14.7984]]}}, {"type": "Feature", "properties": {"kind": "rail", "name": "", "ref": ""}, "geometry": {"type": "LineString", "coordinates": [[-16.9209, 14.7984], [-16.9207, 14.7984], [-16.9204, 14.7985], [-16.9198, 14.7986], [-16.9196, 14.7986]]}}, {"type": "Feature", "properties": {"kind": "rail", "name": "", "ref": ""}, "geometry": {"type": "LineString", "coordinates": [[-16.9196, 14.7987], [-16.9202, 14.7986], [-16.9205, 14.7985], [-16.9209, 14.7985], [-16.9209, 14.7985], [-16.9212, 14.7985], [-16.9213, 14.7985]]}}, {"type": "Feature", "properties": {"kind": "rail", "name": "", "ref": ""}, "geometry": {"type": "LineString", "coordinates": [[-16.9196, 14.7988], [-16.92, 14.7987], [-16.9202, 14.7986], [-16.9204, 14.7986], [-16.9205, 14.7986], [-16.9207, 14.7986], [-16.9208, 14.7986]]}}, {"type": "Feature", "properties": {"kind": "rail", "name": "", "ref": ""}, "geometry": {"type": "LineString", "coordinates": [[-16.9196, 14.7987], [-16.9201, 14.7986], [-16.9203, 14.7986], [-16.9206, 14.7985], [-16.9209, 14.7985]]}}, {"type": "Feature", "properties": {"kind": "rail", "name": "", "ref": ""}, "geometry": {"type": "LineString", "coordinates": [[-16.9196, 14.7989], [-16.9204, 14.7988], [-16.9206, 14.7988], [-16.9207, 14.7987], [-16.9208, 14.7987]]}}, {"type": "Feature", "properties": {"kind": "rail", "name": "", "ref": ""}, "geometry": {"type": "LineString", "coordinates": [[-16.9208, 14.7984], [-16.9204, 14.7984], [-16.92, 14.7984], [-16.9198, 14.7984], [-16.9196, 14.7985]]}}, {"type": "Feature", "properties": {"kind": "rail", "name": "Chemin de fer de Dakar au Niger", "ref": ""}, "geometry": {"type": "LineString", "coordinates": [[-13.754, 13.7738], [-13.7511, 13.7737], [-13.7451, 13.7736], [-13.7362, 13.7735], [-13.7319, 13.7735], [-13.7291, 13.7734], [-13.7172, 13.7733], [-13.717, 13.7733], [-13.7164, 13.7733], [-13.7133, 13.7733], [-13.7084, 13.7732], [-13.7032, 13.7732], [-13.6972, 13.7731], [-13.6959, 13.7731], [-13.6928, 13.773], [-13.6906, 13.773], [-13.6899, 13.773], [-13.687, 13.773], [-13.6824, 13.7729], [-13.6817, 13.7729], [-13.6794, 13.7729], [-13.6793, 13.7729], [-13.6791, 13.7729], [-13.678, 13.7731], [-13.6773, 13.7732], [-13.6772, 13.7732], [-13.6769, 13.7733], [-13.6764, 13.7733], [-13.6723, 13.774], [-13.6709, 13.7742], [-13.6705, 13.7743], [-13.6697, 13.7744], [-13.6591, 13.7761], [-13.6587, 13.7762]]}}]}